URL,Response,Request Time,Request Duration
https://twitter.com/Michael1Sheldon/status/1496717647089651716,200,2023-06-15 01:54:32,0.6510791778564453
https://twitter.com/ragipsoylu/status/1496737243255480321?s=20&t=teqfp5yPtAKLW8Ri7PMI5g,200,2023-06-15 01:54:32,0.5802314281463623
https://twitter.com/FannyFacsar/status/1496787968203231232?s=20&t=Au5uUu8TJjhHwjyynyG4ww,200,2023-06-15 01:54:33,0.5077846050262451
https://twitter.com/IBN_MOHAMMAD/status/1496778855863963650?s=20&t=Au5uUu8TJjhHwjyynyG4ww,200,2023-06-15 01:54:33,0.6129837036132812
https://twitter.com/GayanaYuksel/status/1496831609902968840,200,2023-06-15 01:54:34,0.7288782596588135
https://twitter.com/IntelCrab/status/1496840102651256832?s=20&t=vjuzVkVF9AjHtNtCWTtq9Q,200,2023-06-15 01:54:35,0.6302855014801025
https://t.me/mariupol/3007,200,2023-06-15 01:54:35,0.07920479774475098
https://twitter.com/Caucasuswar/status/1496846910912610309?s=20&t=vjuzVkVF9AjHtNtCWTtq9Q,200,2023-06-15 01:54:35,0.7143752574920654
https://t.me/nexta_live/16696,200,2023-06-15 01:54:36,0.06355667114257812
https://twitter.com/City_Donetsk/status/1496877801689038859?s=20&t=o76iN01FC_pqK6l4rX_fFQ,200,2023-06-15 01:54:36,0.54899001121521
https://www.facebook.com/story.php?story_fbid=317408247086919&id=100064532388988,200,2023-06-15 01:54:37,0.5197386741638184
https://twitter.com/ChristopherJM/status/1497048113504301090?s=20&t=F0--qN8xA_f7DUIGDOmN4w,200,2023-06-15 01:54:37,0.5492889881134033
HIDDEN,Invalid URL 'HIDDEN': No scheme supplied. Perhaps you meant http://HIDDEN?,2023-06-15 01:54:38,
https://t.me/vorposte/13720,200,2023-06-15 01:54:38,0.07059955596923828
https://t.me/vorposte/13723,200,2023-06-15 01:54:38,0.062049150466918945
https://twitter.com/UAWeapons/status/1497176385420464133,200,2023-06-15 01:54:38,0.5267870426177979
https://t.me/nexta_live/17178,200,2023-06-15 01:54:38,0.08467411994934082
https://t.me/Caucasian_bureau/31685,200,2023-06-15 01:54:38,0.08849906921386719
https://twitter.com/3TrAmvL026aJRar/status/1497195337089490945?t=tQNd4lD7kqscdr9rDf2ybg&s=19,200,2023-06-15 01:54:39,0.6315553188323975
HIDDEN,Invalid URL 'HIDDEN': No scheme supplied. Perhaps you meant http://HIDDEN?,2023-06-15 01:54:39,
https://t.me/nexta_live/17220,200,2023-06-15 01:54:39,0.07625651359558105
https://t.me/nexta_live/17239,200,2023-06-15 01:54:39,0.07151389122009277
HIDDEN,Invalid URL 'HIDDEN': No scheme supplied. Perhaps you meant http://HIDDEN?,2023-06-15 01:54:39,
HIDDEN,Invalid URL 'HIDDEN': No scheme supplied. Perhaps you meant http://HIDDEN?,2023-06-15 01:54:39,
https://twitter.com/nexta_tv/status/1497240135615791107,200,2023-06-15 01:54:39,0.5454134941101074
HIDDEN,Invalid URL 'HIDDEN': No scheme supplied. Perhaps you meant http://HIDDEN?,2023-06-15 01:54:40,
HIDDEN,Invalid URL 'HIDDEN': No scheme supplied. Perhaps you meant http://HIDDEN?,2023-06-15 01:54:40,
https://twitter.com/bbcrussian/status/1497264217317154816,200,2023-06-15 01:54:40,0.643244743347168
https://twitter.com/Archer83Able/status/1497266803214532609,200,2023-06-15 01:54:41,0.5885822772979736
https://twitter.com/Shrik_E/status/1497275830094942209?s=20&t=BhgLyIwl7YttliBZTDA7LQ,200,2023-06-15 01:54:41,0.6160421371459961
https://t.me/hueviykharkov/46384,200,2023-06-15 01:54:42,0.07427787780761719
https://www.facebook.com/100075881777013/posts/131589862713739/,200,2023-06-15 01:54:42,0.4416773319244385
https://t.me/nm_dnr/6395,200,2023-06-15 01:54:42,0.07920145988464355
https://twitter.com/GraniTweet/status/1497149587215298571,200,2023-06-15 01:54:42,0.5209152698516846
https://t.me/nm_dnr/6409,200,2023-06-15 01:54:43,0.07478022575378418
https://twitter.com/2022Kharkiv/status/1498034291577610250?s=20&t=msDldxTbhAxlvqhSCA68ng,200,2023-06-15 01:54:43,0.5494880676269531
https://t.me/suspilnenews/14513,200,2023-06-15 01:54:44,0.07315325736999512
HIDDEN,Invalid URL 'HIDDEN': No scheme supplied. Perhaps you meant http://HIDDEN?,2023-06-15 01:54:44,
https://twitter.com/nexta_tv/status/1497459977350492171?t=uhQX4I33v87Edfo-hKJZBA&s=19,200,2023-06-15 01:54:44,0.5502169132232666
https://t.me/nexta_live/17711,200,2023-06-15 01:54:44,0.08280563354492188
HIDDEN,Invalid URL 'HIDDEN': No scheme supplied. Perhaps you meant http://HIDDEN?,2023-06-15 01:54:44,
HIDDEN,Invalid URL 'HIDDEN': No scheme supplied. Perhaps you meant http://HIDDEN?,2023-06-15 01:54:44,
https://twitter.com/michaelh992/status/1497561328092864515?t=-dPHO_fnyf-lbS0U_mNDzg,200,2023-06-15 01:54:44,0.5978889465332031
https://twitter.com/YFloropoulos/status/1497691751858982912,200,2023-06-15 01:54:45,0.6524782180786133
https://t.me/nexta_live/17951,200,2023-06-15 01:54:46,0.06453156471252441
https://twitter.com/KyivIndependent/status/1497616576580780034?t=z-5NBKXokXf9vNgquGhaDQ&s=19,200,2023-06-15 01:54:46,0.6003971099853516
https://www.facebook.com/story.php?story_fbid=1388217971693967&id=102113453637765,200,2023-06-15 01:54:46,0.38660430908203125
HIDDEN,Invalid URL 'HIDDEN': No scheme supplied. Perhaps you meant http://HIDDEN?,2023-06-15 01:54:47,
https://www.instagram.com/tv/Cab70RxFXMU/?utm_source=ig_web_copy_link,200,2023-06-15 01:54:47,0.2559776306152344
https://t.me/truexanewsua/24341,200,2023-06-15 01:54:47,0.07965087890625
https://twitter.com/DNR_online_/status/1497495576618934272?s=20&t=gn_00P9gSmU2JkmsNup8Cg,200,2023-06-15 01:54:47,0.6047415733337402
https://t.me/nm_dnr/6446,200,2023-06-15 01:54:48,0.09109926223754883
https://twitter.com/SputnikATO/status/1497834319569633283,200,2023-06-15 01:54:48,0.5395522117614746
https://twitter.com/RALee85/status/1497853526881546241,200,2023-06-15 01:54:48,0.6090548038482666
https://twitter.com/ASLuhn/status/1497888600146395136?t=DyIy8aDVfecvTvRQ4D1Nbw&s=19,200,2023-06-15 01:54:49,0.5884718894958496
https://t.me/truexanewsua/25194,200,2023-06-15 01:54:49,0.07565689086914062
https://twitter.com/Nelson_Serg/status/1497971946235088899?s=20&t=ubdRC07mJZQTFLvJGWoGhA,200,2023-06-15 01:54:49,0.5464754104614258
https://twitter.com/Nelson_Serg/status/1497923113593585672,200,2023-06-15 01:54:50,0.6177089214324951
https://twitter.com/shaunwalker7/status/1497868180492017664,200,2023-06-15 01:54:51,0.6139593124389648
https://twitter.com/whicard5/status/1497932713612959751?s=20&t=xONXT0up_fFJZ4Ur2NHXwA,200,2023-06-15 01:54:51,0.6282167434692383
https://t.me/nexta_live/18459,200,2023-06-15 01:54:52,0.08704519271850586
https://t.me/c/1348181349/19454,200,2023-06-15 01:54:52,0.07061362266540527
https://t.me/truexanewsua/25182,200,2023-06-15 01:54:52,0.07764601707458496
HIDDEN,Invalid URL 'HIDDEN': No scheme supplied. Perhaps you meant http://HIDDEN?,2023-06-15 01:54:52,
https://t.me/nm_dnr/6480,200,2023-06-15 01:54:52,0.07746696472167969
https://t.me/nm_dnr/6486,200,2023-06-15 01:54:52,0.06890487670898438
https://twitter.com/2022Kharkiv/status/1498313925498130436?s=20&t=msDldxTbhAxlvqhSCA68ng,200,2023-06-15 01:54:52,0.558133602142334
https://twitter.com/2022Kharkiv/status/1497907864723247106?s=20&t=msDldxTbhAxlvqhSCA68ng,200,2023-06-15 01:54:53,0.5540988445281982
https://t.me/nexta_live/18420,200,2023-06-15 01:54:53,0.06493592262268066
https://t.me/nexta_live/18417,200,2023-06-15 01:54:53,0.06586384773254395
https://t.me/nexta_live/18441,200,2023-06-15 01:54:53,0.06720733642578125
https://twitter.com/Osinttechnical/status/1498234139551715329?s=20&t=hPeTGdT6yh4vweQVyZdGVA,200,2023-06-15 01:54:54,0.6061990261077881
HIDDEN,Invalid URL 'HIDDEN': No scheme supplied. Perhaps you meant http://HIDDEN?,2023-06-15 01:54:54,
https://t.me/voynareal/10903,200,2023-06-15 01:54:54,0.07709765434265137
https://twitter.com/RALee85/status/1498244855759355905?s=20&t=zKf3Nb7bCgUn-dgAFPWdRg,200,2023-06-15 01:54:54,0.5358593463897705
https://t.me/uniannet/33371,200,2023-06-15 01:54:55,0.07364797592163086
HIDDEN,Invalid URL 'HIDDEN': No scheme supplied. Perhaps you meant http://HIDDEN?,2023-06-15 01:54:55,
https://t.me/livekharkov/28020,200,2023-06-15 01:54:55,0.05469036102294922
https://t.me/truexanewsua/26226,200,2023-06-15 01:54:55,0.0596776008605957
https://t.me/WarLife/7715,200,2023-06-15 01:54:55,0.05708146095275879
https://www.facebook.com/magomedovandrei/posts/7086923728048526,200,2023-06-15 01:54:55,0.45044970512390137
https://twitter.com/Yevheniuss/status/1498308560580657152?fbclid=IwAR09eCY1kaEMQPdwuzo5vSK9x58qKsctlEISOGVj40oDbUC3WvKZK0k08hg,200,2023-06-15 01:54:55,0.5386006832122803
https://twitter.com/AsamiTerajima/status/1498533891619106816,200,2023-06-15 01:54:56,0.6135802268981934
https://twitter.com/shcherbininainn/status/1498404775939002380?s=20&t=72-YqqvMgeW2MuyxCEe1yA,200,2023-06-15 01:54:57,0.5870378017425537
https://t.me/Tsaplienko/1319,200,2023-06-15 01:54:57,0.05923628807067871
https://t.me/ukraina_novosti/17365,200,2023-06-15 01:54:57,0.05615687370300293
https://www.instagram.com/accounts/login/?next=/p/CafSvX8K944/,200,2023-06-15 01:54:57,0.19006705284118652
https://twitter.com/valentyn_bez/status/1498252248345985028?s=20&t=ZeHICquTiFYu2ZqyhE9uXA,200,2023-06-15 01:54:58,0.7299270629882812
https://t.me/nm_dnr/6528,200,2023-06-15 01:54:58,0.05985283851623535
https://t.me/truexanewsua/26153,200,2023-06-15 01:54:58,0.05362987518310547
https://twitter.com/2022Kharkiv/status/1499115758382723076,200,2023-06-15 01:54:58,0.6047241687774658
https://twitter.com/den_hauzer/status/1498218894716243969?s=20&t=hRtj-iz_ibBoXa04UdeipQ,200,2023-06-15 01:54:59,0.5937962532043457
https://web.archive.org/web/20220613231815/https://t.me/hueviykharkov/47046,200,2023-06-15 01:55:00,1.4010009765625
https://twitter.com/christogrozev/status/1498559231141765120,200,2023-06-15 01:55:01,0.5360994338989258
HIDDEN,Invalid URL 'HIDDEN': No scheme supplied. Perhaps you meant http://HIDDEN?,2023-06-15 01:55:02,
HIDDEN,Invalid URL 'HIDDEN': No scheme supplied. Perhaps you meant http://HIDDEN?,2023-06-15 01:55:02,
https://twitter.com/zloy_odessit/status/1498627544437960710,200,2023-06-15 01:55:02,0.6313188076019287
https://twitter.com/hochu_dodomu/status/1498641493522800645,200,2023-06-15 01:55:02,0.6115503311157227
https://twitter.com/Elisonext/status/1498654294807035905,200,2023-06-15 01:55:03,0.5408005714416504
https://twitter.com/MarQs__/status/1498632893568065541?s=20&t=YezQ6cWqbRHCl9P3C5tHRw,200,2023-06-15 01:55:03,0.5463907718658447
https://twitter.com/itsector/status/1498669362789638150,200,2023-06-15 01:55:04,0.7380619049072266
https://t.me/hueviykharkov/47292,200,2023-06-15 01:55:05,0.06180596351623535
https://t.me/Pravda_Gerashchenko/1220,200,2023-06-15 01:55:05,0.06591200828552246
https://www.youtube.com/watch?app=desktop&v=hVgp4yrUIJw,200,2023-06-15 01:55:05,0.756974458694458
https://www.facebook.com/mariupolrada.gov.ua/posts/3177453432580777?__cft__[0]=AZV1dXzA949shp6ZXL3vKIzOeAL5a-CdSeJZzxNWQgEWAmCNHJGT1hONw1oxLR6z6cbbpxDnP7ZpZfG8w1gce_aco-03ng1eFRp_GIPesUXeTlqsugNcUSxKBN8cSdptQNklGTWDOJy2B46-HqfrtUjS&__tn__=%2CO%2CP-R,200,2023-06-15 01:55:06,0.4930415153503418
https://twitter.com/ignis_fatum/status/1498816059981238275?s=21,200,2023-06-15 01:55:06,0.5510818958282471
https://t.me/nm_dnr/6566,200,2023-06-15 01:55:07,0.06051039695739746
https://t.me/DNR_SCKK/6376,200,2023-06-15 01:55:07,0.06938290596008301
https://t.me/DNR_SCKK/6386,200,2023-06-15 01:55:07,0.0532376766204834
https://twitter.com/Fbeyeee/status/1504871878954991616?s=20&t=1S7d5iqKg3EBAR8ysgA5fg,200,2023-06-15 01:55:07,0.717125654220581
https://twitter.com/ChristopherJM/status/1498911842286063616,200,2023-06-15 01:55:07,0.7344808578491211
https://t.me/Tsaplienko/1543,200,2023-06-15 01:55:08,0.08149981498718262
https://t.me/truexanewsua/27415,200,2023-06-15 01:55:08,0.06745767593383789
https://t.me/truexanewsua/27411,200,2023-06-15 01:55:08,0.06859993934631348
https://twitter.com/OstapYarysh/status/1498906055534952449?s=20&t=nh-3TluT3CgbI6JJUmXgbQ,200,2023-06-15 01:55:08,0.5901169776916504
https://t.me/Doninside/9860,200,2023-06-15 01:55:09,0.09551000595092773
https://twitter.com/rescuero/status/1498988051174989832?s=20&t=mywWeVgKyNlqWBLmET-yRg,200,2023-06-15 01:55:09,0.6116702556610107
https://twitter.com/Nat_anest/status/1498978704524992516?s=20&t=mywWeVgKyNlqWBLmET-yRg,200,2023-06-15 01:55:10,0.6165685653686523
https://twitter.com/michaelh992/status/1498998147636502532?s=20&t=vfj9GwN5xa5SK6ZXZmP2_Q,200,2023-06-15 01:55:10,0.6033935546875
https://twitter.com/nexta_tv/status/1498994384880209925,200,2023-06-15 01:55:11,0.6263058185577393
https://twitter.com/GirkinGirkin/status/1498999782861377538,200,2023-06-15 01:55:12,0.6240460872650146
https://twitter.com/RALee85/status/1499073503902973964?s=20&t=2HKJRUPKmMU0_U7TfV-53A,200,2023-06-15 01:55:12,0.5835697650909424
https://t.me/truexanewsua/27910,200,2023-06-15 01:55:13,0.08436775207519531
https://t.me/truexanewsua/27889,200,2023-06-15 01:55:13,0.06107735633850098
https://twitter.com/bura_tinko/status/1498899746521587713,200,2023-06-15 01:55:13,0.5740487575531006
https://t.me/nexta_live/19279,200,2023-06-15 01:55:14,0.08248162269592285
https://t.me/hueviykharkov/47710,200,2023-06-15 01:55:14,0.07550644874572754
https://twitter.com/YWNReporter/status/1499330481728499719,200,2023-06-15 01:55:14,0.5168266296386719
https://www.facebook.com/sergey.gaidai.loga/posts/133329415873117,200,2023-06-15 01:55:14,0.48856568336486816
https://twitter.com/OsintTv/status/1499326903941050370,200,2023-06-15 01:55:15,0.5719451904296875
HIDDEN,Invalid URL 'HIDDEN': No scheme supplied. Perhaps you meant http://HIDDEN?,2023-06-15 01:55:15,
https://t.me/uniannet/34755,200,2023-06-15 01:55:15,0.05673408508300781
https://twitter.com/KyleJGlen/status/1499336508364492801,200,2023-06-15 01:55:15,0.5398335456848145
https://twitter.com/mariabarabash/status/1499372340412620801?s=20&t=u-LTUYYFyPOmbH1B2qNY6w,200,2023-06-15 01:55:16,0.6372730731964111
https://twitter.com/EmmettLesterSan/status/1499444045164138501?s=20&t=tobBaKGYkLF2Br2cClyorw,200,2023-06-15 01:55:17,0.623387336730957
https://t.me/truexanewsua/28905,200,2023-06-15 01:55:17,0.10329174995422363
https://t.me/truexanewsua/27647,200,2023-06-15 01:55:17,0.07725787162780762
https://t.me/truexanewsua/35644,200,2023-06-15 01:55:17,0.06869316101074219
https://t.me/truexanewsua/28705,200,2023-06-15 01:55:17,0.07808923721313477
https://t.me/suspilnenews/7092,200,2023-06-15 01:55:17,0.07661819458007812
https://t.me/suspilnenews/7037,200,2023-06-15 01:55:18,0.07990074157714844
https://twitter.com/SputnikATO/status/1499719758652088320,200,2023-06-15 01:55:18,0.6198368072509766
HIDDEN,Invalid URL 'HIDDEN': No scheme supplied. Perhaps you meant http://HIDDEN?,2023-06-15 01:55:18,
https://www.facebook.com/MNS.GOV.UA/posts/326078186226744,200,2023-06-15 01:55:18,0.4690053462982178
https://twitter.com/no_itsmyturn/status/1499655936918671360?s=20&t=jGA8xiOIjP1NQENkftSPZQ,200,2023-06-15 01:55:19,0.6260232925415039
https://twitter.com/GirkinGirkin/status/1499655677203128321?s=20&t=2n52Zjxi_VKRUXIWNBmWPg,200,2023-06-15 01:55:19,0.7171628475189209
https://twitter.com/MarQs__/status/1499696196016820228?s=20&t=yQKJ65UQuiOZeeIkorHogw,200,2023-06-15 01:55:20,0.6165688037872314
HIDDEN,Invalid URL 'HIDDEN': No scheme supplied. Perhaps you meant http://HIDDEN?,2023-06-15 01:55:21,
https://www.facebook.com/photo?fbid=7095376223837245&set=pcb.7095377023837165,200,2023-06-15 01:55:21,0.16857314109802246
https://t.me/truexanewsua/29409,200,2023-06-15 01:55:21,0.06386852264404297
https://t.me/truexanewsua/29432,200,2023-06-15 01:55:21,0.05980324745178223
https://t.me/truexanewsua/29313,200,2023-06-15 01:55:21,0.06202960014343262
https://t.me/truexanewsua/29393,200,2023-06-15 01:55:21,0.06119394302368164
https://t.me/truexanewsua/29481,200,2023-06-15 01:55:21,0.06317019462585449
https://t.me/voyna_novost/18307,200,2023-06-15 01:55:21,0.07371330261230469
https://twitter.com/dtcdonetskua/status/1500136681508376589,200,2023-06-15 01:55:21,0.5483050346374512
https://twitter.com/HromadskeRadio/status/1500194946917273601/photo/3,200,2023-06-15 01:55:22,0.6230027675628662
https://t.me/truexanewsua/29344,200,2023-06-15 01:55:22,0.09728693962097168
https://t.me/truexanewsua/38754,200,2023-06-15 01:55:23,0.08209943771362305
https://t.me/Info_Izyum/402,200,2023-06-15 01:55:23,0.07230997085571289
https://twitter.com/police_kyiv_obl/status/1500029178443448324?s=20&t=w5AvDOyFJZ_Dd-tDKq5xPA,200,2023-06-15 01:55:23,0.5572116374969482
https://t.me/Pravda_Gerashchenko/2163,200,2023-06-15 01:55:23,0.07750296592712402
https://t.me/Pravda_Gerashchenko/2171,200,2023-06-15 01:55:23,0.06235671043395996
https://t.me/hueviykharkov/48463,200,2023-06-15 01:55:23,0.07259249687194824
https://twitter.com/verkhovna_rada/status/1500112907857805314?s=20&t=GqTOFHa6gHfWQzs02eGxSQ,200,2023-06-15 01:55:23,0.5983257293701172
https://twitter.com/AlexandruC4/status/1500145959375884289,200,2023-06-15 01:55:24,0.6068425178527832
https://t.me/Novoeizdanie/6895,200,2023-06-15 01:55:25,0.05660724639892578
https://t.me/truexanewsua/29944,200,2023-06-15 01:55:25,0.054532527923583984
https://twitter.com/BackAndAlive/status/1500447665024348168?s=20&t=3LvW9DVNBIIQR8JNJRAflw,200,2023-06-15 01:55:25,0.607762336730957
https://twitter.com/aliev_aliev/status/1500434615542161411,200,2023-06-15 01:55:25,0.5442843437194824
https://twitter.com/no_itsmyturn/status/1500465245210525696,200,2023-06-15 01:55:26,0.5816478729248047
https://twitter.com/KyleJGlen/status/1500432948390158338,200,2023-06-15 01:55:27,0.6111862659454346
https://t.me/Pravda_Gerashchenko/2218,200,2023-06-15 01:55:27,0.07021450996398926
https://t.me/nexta_live/20114,200,2023-06-15 01:55:27,0.06515645980834961
https://t.me/nexta_live/20188,200,2023-06-15 01:55:27,0.06736373901367188
https://t.me/c/1248149892/8151,200,2023-06-15 01:55:27,0.07023501396179199
https://t.me/truexanewsua/30188,200,2023-06-15 01:55:27,0.07655954360961914
https://t.me/truexanewsua/30200,200,2023-06-15 01:55:28,0.061869144439697266
https://www.facebook.com/vladmoroko/posts/4791700574200793,200,2023-06-15 01:55:28,0.597649097442627
https://t.me/nm_dnr/6763,200,2023-06-15 01:55:28,0.04733920097351074
https://t.me/nm_dnr/6772,200,2023-06-15 01:55:28,0.04663372039794922
https://t.me/nm_dnr/6778,200,2023-06-15 01:55:28,0.06039118766784668
https://t.me/DNR_SCKK/6564,200,2023-06-15 01:55:28,0.0648493766784668
https://t.me/nexta_live/20243,200,2023-06-15 01:55:28,0.05771517753601074
https://t.me/Pravda_Gerashchenko/2356,200,2023-06-15 01:55:28,0.07322859764099121
https://t.me/Pravda_Gerashchenko/2384?single,200,2023-06-15 01:55:29,0.06499600410461426
https://t.me/uniannet/35981,200,2023-06-15 01:55:29,0.06442618370056152
https://t.me/uniannet/36001,200,2023-06-15 01:55:29,0.0594785213470459
https://t.me/vorposte/15395,200,2023-06-15 01:55:29,0.06513524055480957
https://twitter.com/michaelh992/status/1500850363301343240,200,2023-06-15 01:55:29,0.6158595085144043
https://t.me/operativnoZSU/11814,200,2023-06-15 01:55:29,0.07927846908569336
https://t.me/truexanewsua/30534,200,2023-06-15 01:55:29,0.07165694236755371
https://t.me/suspilnemykolaiv/4748,200,2023-06-15 01:55:30,0.06218910217285156
https://t.me/nexta_live/20560,200,2023-06-15 01:55:30,0.07247257232666016
https://twitter.com/KyivIndependent/status/1501218105342763020,200,2023-06-15 01:55:30,0.5167734622955322
https://t.me/medvedev_note/3740,200,2023-06-15 01:55:30,0.07820367813110352
https://twitter.com/SputnikATO/status/1500805645485985794,200,2023-06-15 01:55:30,0.7663571834564209
https://twitter.com/GirkinGirkin/status/1500804490106179589?s=20&t=RPU0dUCUzl58CQX8cvVI8A,200,2023-06-15 01:55:31,0.5685203075408936
https://twitter.com/no_itsmyturn/status/1500833207348232192?s=20&t=8l6tS51JwKJ6JsNLeL83gw,200,2023-06-15 01:55:32,0.6114037036895752
HIDDEN,Invalid URL 'HIDDEN': No scheme supplied. Perhaps you meant http://HIDDEN?,2023-06-15 01:55:32,
https://twitter.com/go2the5dogs/status/1500704991794896902?s=20&t=dmTcxuojEGAcHlUjiFe1WQ,200,2023-06-15 01:55:32,0.6289401054382324
https://twitter.com/GirkinGirkin/status/1501218905158828035?s=20&t=DdGTSpGKddbJrrB9lxFJdw,200,2023-06-15 01:55:33,0.6125779151916504
https://twitter.com/GirkinGirkin/status/1501422413485154306?cxt=HHwWhIC92d3uj9YpAAAA,200,2023-06-15 01:55:34,0.6078805923461914
https://twitter.com/SputnikATO/status/1501184212203941897,200,2023-06-15 01:55:34,0.6142957210540771
https://twitter.com/buch10_04/status/1501229036403507206?s=20&t=HIx5AnhcU81_BnyKsWT7Rw,200,2023-06-15 01:55:35,0.5052695274353027
https://www.facebook.com/photo/?fbid=265785982396900&set=pcb.265788295730002,200,2023-06-15 01:55:35,0.20404481887817383
https://twitter.com/muyixiao/status/1501363027765080070?s=20&t=avoe3LwegVeGJ3q4qShUzw,200,2023-06-15 01:55:35,0.5969829559326172
https://twitter.com/EmineDzheppar/status/1501553563528540172?s=20&t=qwvZoLqRXce2VC0cAkVOog,200,2023-06-15 01:55:36,0.6316182613372803
https://www.facebook.com/permalink.php?story_fbid=5289271027772692&id=100000695401534,200,2023-06-15 01:55:37,0.6279957294464111
https://t.me/truexanewsua/31173,200,2023-06-15 01:55:37,0.05878877639770508
https://twitter.com/_tredecim_/status/1501448809003507712?s=20&t=n0e7DjsQ2_x1CaVdbyqnXw,200,2023-06-15 01:55:37,0.7188384532928467
https://twitter.com/SputnikATO/status/1501570825803161610?s=20&t=qwvZoLqRXce2VC0cAkVOog,200,2023-06-15 01:55:38,0.7166028022766113
https://twitter.com/GirkinGirkin/status/1501574204868677635,200,2023-06-15 01:55:39,0.7443263530731201
https://twitter.com/SputnikATO/status/1501576405733236745?s=20&t=n0e7DjsQ2_x1CaVdbyqnXw,200,2023-06-15 01:55:40,0.5939607620239258
https://twitter.com/leonidragozin/status/1501590915521122306,200,2023-06-15 01:55:40,0.6182987689971924
https://twitter.com/ABC/status/1501592163808907266?s=20&t=hJr7WNSlDtlwzEZh3Zf3XQ,200,2023-06-15 01:55:41,0.5976898670196533
https://twitter.com/GirkinGirkin/status/1501510292534136834,200,2023-06-15 01:55:41,0.6640312671661377
https://twitter.com/EuromaidanPress/status/1501705314407694347,200,2023-06-15 01:55:42,0.5590722560882568
https://www.youtube.com/watch?v=Jn9k6f0t_64,200,2023-06-15 01:55:43,0.3195004463195801
https://t.me/nm_dnr/6834,200,2023-06-15 01:55:43,0.05108833312988281
https://t.me/huyovy_kharkiv/102824,200,2023-06-15 01:55:43,0.059220314025878906
https://twitter.com/michaelh992/status/1501908509973258245,200,2023-06-15 01:55:43,0.5917651653289795
https://twitter.com/GraniTweet/status/1501862023365283847?s=20&t=CdzfePXFCSS8NnmIEIQg9g,200,2023-06-15 01:55:44,0.6114351749420166
https://twitter.com/rescuero/status/1501915834310086661,200,2023-06-15 01:55:44,0.5115456581115723
https://t.me/u_now/27122,200,2023-06-15 01:55:45,0.05842256546020508
https://t.me/u_now/27236,200,2023-06-15 01:55:45,0.05960893630981445
https://t.me/dsns_telegram/4617,200,2023-06-15 01:55:45,0.0543208122253418
https://t.me/dnepr_operativ/10369,200,2023-06-15 01:55:45,0.07622122764587402
https://www.facebook.com/watch/?v=1260719317785495,200,2023-06-15 01:55:45,0.27417826652526855
https://www.facebook.com/maxim.beznosenko/posts/2461092784035403,200,2023-06-15 01:55:45,0.5561907291412354
https://twitter.com/stefsiohan/status/1503379177784987656,200,2023-06-15 01:55:46,0.6748573780059814
https://www.facebook.com/popasnaya.city/posts/1017893575751691,200,2023-06-15 01:55:47,0.2938547134399414
https://www.facebook.com/MNS.GOV.UA/posts/pfbid0uQzsyChSSLeRQhtKKJSpNK69bB2SEM4f7gweoRpJYuMsYqG9FLcGC3QNEHKuPweNl,200,2023-06-15 01:55:47,0.4201383590698242
https://twitter.com/AKurkov/status/1516710977911377926,200,2023-06-15 01:55:47,0.5822088718414307
https://t.me/suspilnemykolaiv/17812,200,2023-06-15 01:55:48,0.08230113983154297
https://www.facebook.com/MNS.GOV.UA/posts/331070479060848,200,2023-06-15 01:55:48,0.5200662612915039
https://twitter.com/loogunda/status/1502585247640309760?s=20&t=jT-b2hp-FxGo9s9ct6Ga8g,200,2023-06-15 01:55:48,0.6248559951782227
HIDDEN,Invalid URL 'HIDDEN': No scheme supplied. Perhaps you meant http://HIDDEN?,2023-06-15 01:55:49,
https://twitter.com/lindseyhilsum/status/1502613502065848321?s=20&t=Dl02Ogchdk8RYj2tlrsbFQ,200,2023-06-15 01:55:49,0.712230920791626
https://twitter.com/KyleJGlen/status/1502689543178395650?s=20&t=tgnwqMI34XF_GiiHiuKVuQ,200,2023-06-15 01:55:50,0.6120929718017578
https://twitter.com/markito0171/status/1502669866993692677,200,2023-06-15 01:55:50,0.7200462818145752
https://www.facebook.com/photo?fbid=10225094575784089&set=pcb.10225094577544133,200,2023-06-15 01:55:51,0.197662353515625
https://twitter.com/TpyxaNews/status/1502592202349940740,200,2023-06-15 01:55:51,0.7295196056365967
https://twitter.com/UjenGoodman/status/1502922815204380675,200,2023-06-15 01:55:52,0.6022067070007324
https://twitter.com/Militarylandnet/status/1502991282364469248?s=20,200,2023-06-15 01:55:53,0.5048892498016357
https://twitter.com/obretix/status/1503137337538232325?s=20&t=KUeRKbCXvjOTrXOkPgFGpA,200,2023-06-15 01:55:53,0.5335721969604492
https://twitter.com/RALee85/status/1503148884180226068?s=20&t=NdK8Cs1v6_CVmDaZBD1JsA,200,2023-06-15 01:55:54,0.6113524436950684
https://twitter.com/marksnoeck/status/1509461735824146433?s=20&t=gMZhDR5MpcMjEDvYsYArJQ,200,2023-06-15 01:55:54,0.6220011711120605
https://twitter.com/ASLuhn/status/1503263497790050311?s=20&t=fYehdoSMgf5oVwTeoUIcMA,200,2023-06-15 01:55:55,0.5255048274993896
https://twitter.com/ValettaOSH/status/1503224659797590018?s=20&t=G7Ccda7b-eQAwDTF-QcaWw,200,2023-06-15 01:55:55,0.5632462501525879
https://twitter.com/leonidragozin/status/1503289612692819973?s=20&t=wbi7QvFNFfgmxt8ekzHdOg,200,2023-06-15 01:55:56,0.7359094619750977
https://twitter.com/SDyorin/status/1503258241274417154,200,2023-06-15 01:55:57,0.7279915809631348
https://twitter.com/PLnewstoday/status/1503321952160780288?t=i2yQxqu0sq5KZ67EDVw6Yw&s=19,200,2023-06-15 01:55:57,0.5417444705963135
https://twitter.com/SputnikATO/status/1503326760187924483?s=20&t=BEq7Sc7iIl1s1p9qk_OJNQ,200,2023-06-15 01:55:58,0.5582418441772461
https://twitter.com/Nat_anest/status/1503302440447365122?s=20&t=kB-FoHDLpnub6f2mh6_OtA,200,2023-06-15 01:55:59,0.6105949878692627
https://twitter.com/olliecarroll/status/1503370738467758081,200,2023-06-15 01:55:59,0.706554651260376
https://t.me/truexanewsua/33229,200,2023-06-15 01:56:00,0.07411599159240723
https://t.me/truexanewsua/33214,200,2023-06-15 01:56:00,0.05293583869934082
https://t.me/truexanewsua/33232,200,2023-06-15 01:56:00,0.057137250900268555
https://twitter.com/wammezz/status/1504787102923436049/photo/1,200,2023-06-15 01:56:00,0.552837610244751
https://twitter.com/realidad_int/status/1503376087589408769?s=20&t=VEjBn5xsM3Ig3JS-_1DcSA,200,2023-06-15 01:56:01,0.5985889434814453
https://twitter.com/Fibrik_Oficial/status/1503457947694907403,200,2023-06-15 01:56:01,0.7177276611328125
https://twitter.com/marksnoeck/status/1503826296773746694,200,2023-06-15 01:56:02,0.6132771968841553
https://twitter.com/ronzheimer/status/1503618378149339138,200,2023-06-15 01:56:03,0.6007630825042725
https://twitter.com/OzKaterji/status/1503676489245638657?s=20&t=GyK20z7Kj_Tn7KyWLK_9qg,200,2023-06-15 01:56:03,0.6233320236206055
https://twitter.com/GirkinGirkin/status/1503676908873175043?s=20&t=j4o6f9R1OjUb2bidbFQZqA,200,2023-06-15 01:56:04,0.5639712810516357
https://t.me/truexanewsua/33345,200,2023-06-15 01:56:04,0.09915685653686523
https://twitter.com/no_itsmyturn/status/1503995250204942337?s=20&t=YiployIBMtwNtUGKGONQUw,200,2023-06-15 01:56:04,0.5817375183105469
https://t.me/truexanewsua/33610,200,2023-06-15 01:56:05,0.13571691513061523
https://t.me/mariupolnow/2631,200,2023-06-15 01:56:05,0.07852935791015625
https://twitter.com/Nrg8000/status/1504389481348370434?s=20&t=EtHNKWCoIQoKnzZwrnYxYQ,200,2023-06-15 01:56:05,0.6725740432739258
https://t.me/suspilnechernihiv/7320,200,2023-06-15 01:56:06,0.13497138023376465
https://twitter.com/no_itsmyturn/status/1504043831716724739,200,2023-06-15 01:56:06,0.5668776035308838
https://twitter.com/DNR_online_/status/1503977488111788034?s=20&t=iAf5oLmSmhMjJf1mEU3XNA,200,2023-06-15 01:56:07,0.7297561168670654
https://twitter.com/aldin_ww/status/1504033667101962246?s=20&t=gEshnspQAhVnMFxvrHAX-g,200,2023-06-15 01:56:07,0.6133127212524414
https://twitter.com/ZloyAtoshnik/status/1504013753469263874,200,2023-06-15 01:56:08,0.5370676517486572
https://twitter.com/tincazzi/status/1504449807196295168?s=20&t=TmvTFhqAE3YwJ_ggUARKSg,200,2023-06-15 01:56:09,0.6060960292816162
https://www.facebook.com/pgo.gov.ua/posts/332485412247632,200,2023-06-15 01:56:09,0.7019124031066895
https://www.youtube.com/watch?v=RbLwK6ZKrEI,200,2023-06-15 01:56:10,0.5732591152191162
https://twitter.com/DNR_online_/status/1504059981871693829?s=20&t=iAf5oLmSmhMjJf1mEU3XNA,200,2023-06-15 01:56:10,0.5278491973876953
https://t.me/truexanewsua/33881,200,2023-06-15 01:56:11,0.07341766357421875
https://t.me/truexanewsua/33862,200,2023-06-15 01:56:11,0.08686947822570801
https://twitter.com/michaelh992/status/1504720686039851009?s=20&t=B0KQtVbiAtUyNidZX-jVRg,200,2023-06-15 01:56:11,0.55279541015625
https://t.me/kharkiv_1654/31204,200,2023-06-15 01:56:12,0.0791327953338623
https://twitter.com/anadoluagency/status/1504829361844797454?s=20&t=vCENPIIlOhKWCFzRVflYow,200,2023-06-15 01:56:12,0.5336694717407227
https://t.me/DNR_SCKK/6922,200,2023-06-15 01:56:12,0.07980942726135254
https://t.me/DNR_SCKK/6911,200,2023-06-15 01:56:12,0.08084726333618164
https://t.me/truexanewsua/34367,200,2023-06-15 01:56:12,0.08061861991882324
https://t.me/truexanewsua/34420,200,2023-06-15 01:56:13,0.07516002655029297
https://twitter.com/Osinttechnical/status/1504959462746038274,200,2023-06-15 01:56:13,0.5568192005157471
https://twitter.com/wammezz/status/1505517360567959552?s=20&t=buzbIxDYt1cfJtXv7VJ2Pw,200,2023-06-15 01:56:13,0.6408758163452148
https://t.me/nm_dnr/7112,200,2023-06-15 01:56:14,0.08090400695800781
HIDDEN,Invalid URL 'HIDDEN': No scheme supplied. Perhaps you meant http://HIDDEN?,2023-06-15 01:56:14,
https://t.me/mariupolnow/3068?single,200,2023-06-15 01:56:14,0.07019710540771484
https://t.me/mariupolnow/3066,200,2023-06-15 01:56:14,0.07842707633972168
https://twitter.com/TWMCLtd/status/1505593463953317896,200,2023-06-15 01:56:14,0.5894582271575928
https://twitter.com/MarQs__/status/1505661285282811908?s=20&t=QdviWL15GkteDDvnFh7j3g,200,2023-06-15 01:56:15,0.7477414608001709
https://www.facebook.com/ICHDRR/posts/435822061674482,200,2023-06-15 01:56:15,0.7421958446502686
https://t.me/DNR_SCKK/6990,200,2023-06-15 01:56:16,0.06399178504943848
https://twitter.com/no_itsmyturn/status/1505488383736532993,200,2023-06-15 01:56:16,0.5848939418792725
https://t.me/hueviyherson/14792,200,2023-06-15 01:56:17,0.06131744384765625
https://twitter.com/nexta_tv/status/1505790655578218497?s=20&t=o_0riHUsO0LEPeKBddbUdQ,200,2023-06-15 01:56:17,0.6472363471984863
https://t.me/novostiniko1/12112,200,2023-06-15 01:56:18,0.07073545455932617
https://t.me/mariupolnow/3183,200,2023-06-15 01:56:18,0.07398128509521484
https://twitter.com/SputnikATO/status/1505857621823217667?s=20&t=rurX4HYfa-KCOT-JBBzT7w,200,2023-06-15 01:56:18,0.5894126892089844
HIDDEN,Invalid URL 'HIDDEN': No scheme supplied. Perhaps you meant http://HIDDEN?,2023-06-15 01:56:18,
HIDDEN,Invalid URL 'HIDDEN': No scheme supplied. Perhaps you meant http://HIDDEN?,2023-06-15 01:56:18,
https://t.me/mariupolnow/3237?single,200,2023-06-15 01:56:18,0.08175921440124512
https://www.facebook.com/UA.National.Police/posts/294699199466784,200,2023-06-15 01:56:18,0.6039831638336182
https://twitter.com/SputnikATO/status/1506585665840033808?s=20&t=A7_3X_LAcuF-Dnw53y1m_w,200,2023-06-15 01:56:19,0.7141342163085938
https://t.me/truexanewsua/35325,200,2023-06-15 01:56:20,0.07285261154174805
https://t.me/mariupolnow/3337,200,2023-06-15 01:56:20,0.07155966758728027
https://t.me/mariupolnow/3329,200,2023-06-15 01:56:20,0.07375764846801758
https://t.me/mariupolnow/3345,200,2023-06-15 01:56:20,0.06341862678527832
https://t.me/mariupolnow/3371,200,2023-06-15 01:56:20,0.05647611618041992
HIDDEN,Invalid URL 'HIDDEN': No scheme supplied. Perhaps you meant http://HIDDEN?,2023-06-15 01:56:20,
https://t.me/uniannet/40484,200,2023-06-15 01:56:20,0.05311703681945801
https://t.me/Pravda_Gerashchenko/6812,200,2023-06-15 01:56:20,0.060935020446777344
https://t.me/mariupolnow/3380,200,2023-06-15 01:56:20,0.057169437408447266
https://t.me/mariupolnow/3386,200,2023-06-15 01:56:20,0.06541633605957031
https://t.me/mariupolnow/3396,200,2023-06-15 01:56:20,0.10226035118103027
https://twitter.com/SaadAbedine/status/1506238896639823876?s=20&t=VB346IcOmnY_M0QwLcGWjA,200,2023-06-15 01:56:20,0.5635647773742676
https://t.me/truexanewsua/35430,200,2023-06-15 01:56:21,0.0676412582397461
https://t.me/truexanewsua/35671,200,2023-06-15 01:56:21,0.056387901306152344
https://twitter.com/MaximEristavi/status/1506177620270006277?s=20&t=Y53qZryAKa7xFotREFpH9A,200,2023-06-15 01:56:21,0.557030200958252
https://t.me/grey_zone/13282,200,2023-06-15 01:56:22,0.06974983215332031
https://twitter.com/COUPSURE/status/1496164131833102348,200,2023-06-15 01:56:22,0.5700671672821045
https://twitter.com/michaelh992/status/1496082009088794625,200,2023-06-15 01:56:22,0.6276702880859375
https://twitter.com/RohitKachrooITV/status/1506702632253022213,200,2023-06-15 01:56:23,0.5940802097320557
https://t.me/truexanewsua/35618,200,2023-06-15 01:56:23,0.07700276374816895
https://t.me/truexanewsua/35663,200,2023-06-15 01:56:24,0.07239961624145508
https://twitter.com/Militarylandnet/status/1506587272292020224,200,2023-06-15 01:56:24,0.5935416221618652
https://t.me/nexta_live/23022,200,2023-06-15 01:56:24,0.06865239143371582
https://t.me/informatsia_obstanovka/8518,200,2023-06-15 01:56:24,0.0625152587890625
https://t.me/mykolaivskaoblrada/525,200,2023-06-15 01:56:24,0.06825375556945801
HIDDEN,Invalid URL 'HIDDEN': No scheme supplied. Perhaps you meant http://HIDDEN?,2023-06-15 01:56:24,
https://t.me/informatsia_obstanovka/8810,200,2023-06-15 01:56:24,0.0608980655670166
https://www.facebook.com/ICHDRR/posts/437602418163113?__cft__[0]=AZVdQ79s23VYSS0fnZlUSkXErd8Ns8ZfPHQsdLv0jKwjlTglZxX6_pkl8KL8skhO4b-9Os8-g22EpB7ERXhgpwjTdh1bZYHZNd-Cb9ZRf1-4j2-fl5T08NNqZ8cMUSQx7AX-qYvG220h5CpToR9-Vb1D&__tn__=%2CO%2CP-R,200,2023-06-15 01:56:24,0.5330677032470703
https://t.me/DNR_SCKK/7085,200,2023-06-15 01:56:25,0.06805300712585449
https://t.me/kievreal1/15292,200,2023-06-15 01:56:25,0.07693338394165039
https://t.me/nexta_live/23217,200,2023-06-15 01:56:25,0.060675859451293945
https://twitter.com/EmineDzheppar/status/1506961395526549505?t=Pup1pd427NdwH9Dpe1jQTw&s=1,200,2023-06-15 01:56:25,0.5825896263122559
https://www.facebook.com/UA.National.Police/posts/296582655945105,200,2023-06-15 01:56:26,0.3302021026611328
https://t.me/truexanewsua/36269,200,2023-06-15 01:56:26,0.05980086326599121
https://t.me/truexanewsua/36172,200,2023-06-15 01:56:26,0.0604863166809082
https://t.me/truexanewsua/36452,200,2023-06-15 01:56:26,0.06430196762084961
https://www.facebook.com/permalink.php?story_fbid=5316355788396715&id=948846185147719,200,2023-06-15 01:56:26,0.9055044651031494
https://t.me/truexanewsua/36138,200,2023-06-15 01:56:27,0.07678651809692383
https://t.me/truexanewsua/36247,200,2023-06-15 01:56:27,0.06099057197570801
https://t.me/truexanewsua/36653,200,2023-06-15 01:56:27,0.0656428337097168
https://t.me/Army_Russia/17574,200,2023-06-15 01:56:27,0.06754946708679199
https://t.me/DNR_SCKK/7150,200,2023-06-15 01:56:28,0.061289072036743164
https://t.me/svyatonline/75610,200,2023-06-15 01:56:28,0.08415579795837402
https://t.me/milinfolive/79683,200,2023-06-15 01:56:28,0.07745599746704102
https://twitter.com/MarQs__/status/1507736705855594500,200,2023-06-15 01:56:28,0.6350138187408447
https://www.instagram.com/stories/xomkaaaaaaaa/2802424229732137717/?utm_source=ig_story_item_share&utm_medium=share_sheet,200,2023-06-15 01:56:28,0.3240988254547119
https://t.me/truexanewsua/36762,200,2023-06-15 01:56:29,0.09308624267578125
https://t.me/truexanewsua/37065,200,2023-06-15 01:56:29,0.06320071220397949
https://www.facebook.com/ICHDRR/posts/440652721191416,200,2023-06-15 01:56:29,0.5616936683654785
https://t.me/truexanewsua/37344,200,2023-06-15 01:56:29,0.08951425552368164
https://twitter.com/Liveuamap/status/1508707259945205764,200,2023-06-15 01:56:30,0.5969991683959961
HIDDEN,Invalid URL 'HIDDEN': No scheme supplied. Perhaps you meant http://HIDDEN?,2023-06-15 01:56:30,
https://t.me/informatsia_obstanovka/10575,200,2023-06-15 01:56:30,0.04858660697937012
https://t.me/uniannet/42436,200,2023-06-15 01:56:30,0.05773115158081055
https://t.me/UA_struggle/585,200,2023-06-15 01:56:30,0.04947042465209961
https://t.me/mariupolnow/4316,200,2023-06-15 01:56:30,0.06679224967956543
https://t.me/mariupolnow/4292,200,2023-06-15 01:56:30,0.06945967674255371
https://t.me/KharkivPolitics/7644,200,2023-06-15 01:56:30,0.058733463287353516
https://twitter.com/spook_info/status/1508869639333363727,200,2023-06-15 01:56:30,0.5552217960357666
https://twitter.com/EuromaidanPress/status/1509083244733603844/photo/1,200,2023-06-15 01:56:31,0.6086022853851318
https://t.me/luhanskaVTSA/986,200,2023-06-15 01:56:32,0.06505322456359863
https://twitter.com/hochu_dodomu/status/1509027362196893703,200,2023-06-15 01:56:32,0.543745756149292
https://twitter.com/rshereme/status/1509209818510372868,200,2023-06-15 01:56:32,0.731328010559082
https://twitter.com/BowenBBC/status/1509179804653871111?s=20&t=Z3CL8vShYxg-lGAgU9WsGA,200,2023-06-15 01:56:33,0.643836259841919
https://t.me/informatsia_obstanovka/11087,200,2023-06-15 01:56:34,0.07564020156860352
https://twitter.com/jon96179496/status/1509263141292679179,200,2023-06-15 01:56:34,0.6104168891906738
https://t.me/kharkivlife/32857,200,2023-06-15 01:56:34,0.07399225234985352
https://twitter.com/olex_scherba/status/1509430918024503299?s=20&t=muv1C3AVf7bUBVI_pyHClw,200,2023-06-15 01:56:34,0.7179672718048096
https://twitter.com/ThomasVLinge/status/1509471996974927874?s=20&t=8hxDnuSq5eIXB9-E-DA29w,200,2023-06-15 01:56:35,0.6212434768676758
https://twitter.com/expatua/status/1509554530983325710?s=20&t=iTQYb3ec4WmkQknh1ogcxw,200,2023-06-15 01:56:36,0.6223838329315186
https://t.me/nm_dnr/7357,200,2023-06-15 01:56:36,0.08143115043640137
https://twitter.com/ELINTNews/status/1509762525126176808,200,2023-06-15 01:56:36,0.549379825592041
https://t.me/mariupolnow/4721,200,2023-06-15 01:56:37,0.08539772033691406
https://twitter.com/CITeam_ru/status/1510166557573455873?s=20&t=u5qpf1M6h2XAM7_lRs7Z6w,200,2023-06-15 01:56:37,0.5627706050872803
https://www.facebook.com/photo/?fbid=443136060943082&set=pcb.443136594276362,200,2023-06-15 01:56:38,0.23811078071594238
https://twitter.com/J_B_E__Zorg/status/1510005388950876168?s=20&t=prSUWoFEAR6yU4M0RBE4Pg,200,2023-06-15 01:56:38,0.6303009986877441
https://twitter.com/Osinttechnical/status/1510374639566000128,200,2023-06-15 01:56:39,0.5928957462310791
https://twitter.com/markito0171/status/1510183355098312705,200,2023-06-15 01:56:39,0.5522646903991699
https://twitter.com/sgorlovki/status/1510290684233850883?s=20&t=tTqTVUjwujE1LRyIqCiFVA,200,2023-06-15 01:56:40,0.5727846622467041
https://t.me/c/1210003725/10692,200,2023-06-15 01:56:40,0.07289648056030273
https://twitter.com/no_itsmyturn/status/1510167989240410113,200,2023-06-15 01:56:40,0.6328458786010742
https://twitter.com/EuromaidanPress/status/1510509829051363330?s=20&t=ZGZzQYrZL_dLWzIlmr87cg,200,2023-06-15 01:56:41,0.6076397895812988
https://twitter.com/michaelh992/status/1510610020622340101?s=20&t=wL_r3aYjyl_qkrhaz0GJ1g,200,2023-06-15 01:56:42,0.6383817195892334
https://twitter.com/olliecarroll/status/1510623861779349507?s=20&t=vibQREFw6UQvss-twzq0NQ,200,2023-06-15 01:56:42,0.585850715637207
https://t.me/dvish_alive/11766,200,2023-06-15 01:56:43,0.09917688369750977
https://twitter.com/ua_industrial/status/1510665056912125958,200,2023-06-15 01:56:43,0.6115720272064209
https://twitter.com/MSF_Ukraine/status/1511376014278115331,200,2023-06-15 01:56:44,0.6159207820892334
https://twitter.com/wammezz/status/1511561770376339458?s=20&t=-qlHoDWjd2cuoj3_Fa5O7w,200,2023-06-15 01:56:44,0.7365074157714844
https://twitter.com/maria_avdv/status/1510923231028563975?s=20&t=lcnhTDcuyR75o3WjbpolKw,200,2023-06-15 01:56:45,0.6059825420379639
https://twitter.com/revishvilig/status/1510903077741674498?s=20&t=KEQ-pXHRQYNQyrCtIZlVEw,200,2023-06-15 01:56:45,0.5997891426086426
https://t.me/novostiniko1/13718,200,2023-06-15 01:56:46,0.05205273628234863
https://t.me/novostiniko1/13658?single,200,2023-06-15 01:56:46,0.08591508865356445
https://t.me/suspilnemykolaiv/7256,200,2023-06-15 01:56:46,0.062119483947753906
https://t.me/truexanewsua/39688,200,2023-06-15 01:56:46,0.08457040786743164
https://t.me/informnapalm/6248,200,2023-06-15 01:56:46,0.07300972938537598
https://t.me/truexanewsua/39174,200,2023-06-15 01:56:46,0.07831311225891113
HIDDEN,Invalid URL 'HIDDEN': No scheme supplied. Perhaps you meant http://HIDDEN?,2023-06-15 01:56:47,
https://t.me/mariupolnow/5226,200,2023-06-15 01:56:47,0.09359502792358398
https://t.me/mariupolnow/5234,200,2023-06-15 01:56:47,0.09100484848022461
https://t.me/mariupolnow/5267,200,2023-06-15 01:56:47,0.07327866554260254
https://t.me/mariupolnow/5299,200,2023-06-15 01:56:47,0.07467246055603027
https://twitter.com/Osinttechnical/status/1511365066666487815,200,2023-06-15 01:56:47,0.5336489677429199
HIDDEN,Invalid URL 'HIDDEN': No scheme supplied. Perhaps you meant http://HIDDEN?,2023-06-15 01:56:47,
https://twitter.com/ukr_insider/status/1511083563613048835,200,2023-06-15 01:56:47,0.5371675491333008
https://twitter.com/antiputler_news/status/1511205138152706050,200,2023-06-15 01:56:48,0.5811676979064941
https://twitter.com/EuromaidanPress/status/1511267310715256837,200,2023-06-15 01:56:49,0.61651611328125
https://twitter.com/obretix/status/1511419307485544450?s=20&t=S_mxYlL_JoUGjITI5wqIRg,200,2023-06-15 01:56:49,0.7210791110992432
https://t.me/novostiniko1/13858,200,2023-06-15 01:56:50,0.05887866020202637
https://t.me/kharkivlife/33989,200,2023-06-15 01:56:50,0.0574948787689209
https://t.me/novostiniko1/13666,200,2023-06-15 01:56:50,0.07008719444274902
https://twitter.com/no_itsmyturn/status/1511658279952334848,200,2023-06-15 01:56:50,0.625999927520752
https://twitter.com/GirkinGirkin/status/1511642331035979779,200,2023-06-15 01:56:51,0.5949962139129639
https://twitter.com/MarQs__/status/1511655061373521920,200,2023-06-15 01:56:51,0.722808837890625
https://www.facebook.com/photo?fbid=520095253006367&set=a.464541728561720,200,2023-06-15 01:56:52,0.18230366706848145
https://twitter.com/nexta_tv/status/1511731997537980420,200,2023-06-15 01:56:52,0.5326032638549805
https://twitter.com/JoyceKohTV/status/1511664147452203016,200,2023-06-15 01:56:53,0.516406774520874
https://twitter.com/wammezz/status/1513261569890738182?s=20&t=kd79TM0CKfBEc-JS05s1sw,200,2023-06-15 01:56:53,0.6116847991943359
https://www.facebook.com/groups/1001617733664707/posts/1295456684280809/,200,2023-06-15 01:56:54,0.2137305736541748
https://twitter.com/RALee85/status/1513812539024580612,200,2023-06-15 01:56:54,0.6116564273834229
https://twitter.com/sergusy/status/1513175957456269314,200,2023-06-15 01:56:55,0.605548620223999
https://t.me/truexanewsua/40159,200,2023-06-15 01:56:55,0.08175897598266602
https://t.me/tpxanews/740,200,2023-06-15 01:56:55,0.06014871597290039
https://twitter.com/CurrentTimeTv/status/1513559140551041027?s=20&t=W1R99b0Nl_TCxSAkqFEcoQ,200,2023-06-15 01:56:55,0.5198688507080078
https://twitter.com/antiputler_news/status/1513547930837393410?s=20&t=nIpaLF7f3s9y4rRnIxPVAQ,200,2023-06-15 01:56:56,0.5583276748657227
https://twitter.com/Lyla_lilas/status/1513586422908915719,200,2023-06-15 01:56:57,0.60386061668396
https://twitter.com/loogunda/status/1513869046776836108,200,2023-06-15 01:56:57,0.6019093990325928
https://t.me/Pravda_Gerashchenko/11906,200,2023-06-15 01:56:58,0.07665824890136719
https://t.me/informatsia_obstanovka/15032,200,2023-06-15 01:56:58,0.05656743049621582
https://t.me/truexanewsua/40707,200,2023-06-15 01:56:58,0.06308341026306152
https://t.me/informatsia_obstanovka/15150,200,2023-06-15 01:56:58,0.0637674331665039
https://t.me/truexanewsua/40769,200,2023-06-15 01:56:58,0.056108713150024414
https://twitter.com/truth_about_war/status/1513771049648861185,200,2023-06-15 01:56:58,0.6122829914093018
HIDDEN,Invalid URL 'HIDDEN': No scheme supplied. Perhaps you meant http://HIDDEN?,2023-06-15 01:56:59,
https://twitter.com/UATV_en/status/1513852175402864641,200,2023-06-15 01:56:59,0.7083771228790283
https://twitter.com/Pavlo_Kyrylenko/status/1514186374706081795?s=20&t=dUFSqn5oHpErT42soZWx1AA,200,2023-06-15 01:56:59,0.6141023635864258
https://t.me/mariupol/5247,200,2023-06-15 01:57:00,0.07806158065795898
https://t.me/nexta_live/25612,200,2023-06-15 01:57:00,0.06754732131958008
https://t.me/vorposte/18999,200,2023-06-15 01:57:00,0.0664510726928711
https://twitter.com/marksnoeck/status/1514574441950466051,200,2023-06-15 01:57:00,0.5996372699737549
https://twitter.com/ICTV_Fakty/status/1514915058224140291,200,2023-06-15 01:57:01,0.7231142520904541
https://twitter.com/KyleJGlen/status/1515003899979214856?s=20&t=SZn8NIYRGwjxSjlEyCXZBA,200,2023-06-15 01:57:02,0.6045751571655273
https://twitter.com/SarahAshtonLV/status/1514979180773089281,200,2023-06-15 01:57:02,0.6171665191650391
https://t.me/truexanewsua/41500,200,2023-06-15 01:57:03,0.06237483024597168
https://t.me/truexanewsua/41461,200,2023-06-15 01:57:03,0.06556296348571777
https://www.facebook.com/UA.National.Police.Nikolaev/posts/287752640215726,200,2023-06-15 01:57:03,1.2777304649353027
https://www.facebook.com/DSNSMYKOL/posts/289978206644344,200,2023-06-15 01:57:04,0.5833771228790283
https://twitter.com/NPUMykolaiv/status/1515255054239997955?s=20&t=jsZxzj3aDTCopGD7MlsKtw,200,2023-06-15 01:57:05,0.5470147132873535
https://t.me/hyevuy_dnepr/24856,200,2023-06-15 01:57:05,0.07426905632019043
https://twitter.com/AlexKhrebet/status/1515682281381412864,200,2023-06-15 01:57:05,0.5449223518371582
https://t.me/truexanewsua/41896,200,2023-06-15 01:57:06,0.0633854866027832
HIDDEN,Invalid URL 'HIDDEN': No scheme supplied. Perhaps you meant http://HIDDEN?,2023-06-15 01:57:06,
https://t.me/truexanewsua/41907,200,2023-06-15 01:57:06,0.05645918846130371
https://t.me/uniannet/47948,200,2023-06-15 01:57:06,0.06826281547546387
HIDDEN,Invalid URL 'HIDDEN': No scheme supplied. Perhaps you meant http://HIDDEN?,2023-06-15 01:57:06,
https://t.me/vorposte/19332,200,2023-06-15 01:57:06,0.06474614143371582
https://t.me/uniannet/48180,200,2023-06-15 01:57:06,0.06629252433776855
https://t.me/uniannet/48184?single,200,2023-06-15 01:57:06,0.06409955024719238
https://t.me/uniannet/48158,200,2023-06-15 01:57:06,0.058507442474365234
https://t.me/uniannet/48149,200,2023-06-15 01:57:06,0.05410599708557129
https://t.me/uniannet/48120,200,2023-06-15 01:57:06,0.10194778442382812
https://t.me/truexanewsua/42408,200,2023-06-15 01:57:07,0.06966757774353027
https://t.me/truexanewsua/42403,200,2023-06-15 01:57:07,0.08124685287475586
https://t.me/mariupolnow/7119,200,2023-06-15 01:57:07,0.0702660083770752
HIDDEN,Invalid URL 'HIDDEN': No scheme supplied. Perhaps you meant http://HIDDEN?,2023-06-15 01:57:07,
https://twitter.com/TpyxaNews/status/1516659728146857986,200,2023-06-15 01:57:07,0.5869073867797852
https://twitter.com/dpatrikarakos/status/1516716754994700294?s=20&t=ZO61dIYr4pT0DlFAw_cSwg,200,2023-06-15 01:57:07,0.5259735584259033
https://twitter.com/hugeglassofmilk/status/1517075614137823232,200,2023-06-15 01:57:08,0.6269741058349609
https://t.me/mariupolnow/7273,200,2023-06-15 01:57:09,0.08751821517944336
https://t.me/c/1347456995/44993,200,2023-06-15 01:57:09,0.05800890922546387
https://t.me/truexanewsua/42868,200,2023-06-15 01:57:09,0.07208967208862305
https://t.me/mariupolnow/10227,200,2023-06-15 01:57:09,0.06803059577941895
https://t.me/v_variant/8481,200,2023-06-15 01:57:09,0.07963848114013672
https://www.facebook.com/watch/?v=499662101888076,200,2023-06-15 01:57:09,0.7181458473205566
HIDDEN,Invalid URL 'HIDDEN': No scheme supplied. Perhaps you meant http://HIDDEN?,2023-06-15 01:57:10,
HIDDEN,Invalid URL 'HIDDEN': No scheme supplied. Perhaps you meant http://HIDDEN?,2023-06-15 01:57:10,
https://twitter.com/JmD2169071/status/1518282497338998784,200,2023-06-15 01:57:10,0.6501815319061279
https://t.me/truexanewsua/48200,200,2023-06-15 01:57:10,0.052687883377075195
https://twitter.com/UN_Agency/status/1518622431832850435,200,2023-06-15 01:57:10,0.6286280155181885
https://twitter.com/trx_guillaume/status/1518641992221270017,200,2023-06-15 01:57:11,0.7073912620544434
HIDDEN,Invalid URL 'HIDDEN': No scheme supplied. Perhaps you meant http://HIDDEN?,2023-06-15 01:57:12,
https://t.me/mariupolnow/7945,200,2023-06-15 01:57:12,0.08925914764404297
https://t.me/truexanewsua/48257,200,2023-06-15 01:57:12,0.09133720397949219
https://t.me/novostiniko/15742,200,2023-06-15 01:57:12,0.07914495468139648
https://t.me/mariupolnow/7969,200,2023-06-15 01:57:12,0.06275343894958496
HIDDEN,Invalid URL 'HIDDEN': No scheme supplied. Perhaps you meant http://HIDDEN?,2023-06-15 01:57:12,
https://t.me/truexanewsua/43769,200,2023-06-15 01:57:12,0.07256913185119629
https://t.me/mariupolnow/8150,200,2023-06-15 01:57:12,0.07545137405395508
https://t.me/informnapalm/7887,200,2023-06-15 01:57:12,0.06513452529907227
https://t.me/truexanewsua/43759,200,2023-06-15 01:57:12,0.06795334815979004
https://t.me/hueviyherson/17655,200,2023-06-15 01:57:12,0.06835508346557617
HIDDEN,Invalid URL 'HIDDEN': No scheme supplied. Perhaps you meant http://HIDDEN?,2023-06-15 01:57:12,
https://t.me/hueviykharkov/57015,200,2023-06-15 01:57:12,0.06242489814758301
https://t.me/mariupolnow/8139,200,2023-06-15 01:57:12,0.07264065742492676
HIDDEN,Invalid URL 'HIDDEN': No scheme supplied. Perhaps you meant http://HIDDEN?,2023-06-15 01:57:13,
https://t.me/truexanewsua/43980,200,2023-06-15 01:57:13,0.07391119003295898
https://t.me/kievreal1/20351,200,2023-06-15 01:57:13,0.06478142738342285
https://t.me/DNR_SCKK/7910,200,2023-06-15 01:57:13,0.06598210334777832
https://twitter.com/s_vakarchuk/status/1520424751583350785,200,2023-06-15 01:57:13,0.5913534164428711
https://twitter.com/andreyboss77/status/1520661377530187776,200,2023-06-15 01:57:13,0.5294790267944336
https://twitter.com/MrKovalenko/status/1521127807992184833,200,2023-06-15 01:57:14,0.5389213562011719
https://t.me/nexta_live/27416,200,2023-06-15 01:57:14,0.08056163787841797
https://t.me/nexta_live/27322,200,2023-06-15 01:57:14,0.0696249008178711
https://t.me/Pravda_Gerashchenko/16556,200,2023-06-15 01:57:15,0.08352851867675781
https://t.me/nexta_live/27429,200,2023-06-15 01:57:15,0.06058526039123535
https://t.me/suspilnemykolaiv/9078,200,2023-06-15 01:57:15,0.0656120777130127
https://t.me/nexta_live/27592,200,2023-06-15 01:57:15,0.06027483940124512
https://t.me/UA_National_Police/3677,200,2023-06-15 01:57:15,0.07199954986572266
https://t.me/KharkivPolitics/8701,200,2023-06-15 01:57:15,0.07944035530090332
https://twitter.com/GeoConfirmed/status/1523266806420361216,200,2023-06-15 01:57:15,0.6500439643859863
https://twitter.com/TpyxaNews/status/1523340588858368000,200,2023-06-15 01:57:16,0.6003501415252686
https://t.me/truexanewsua/46115?single,200,2023-06-15 01:57:16,0.08133745193481445
HIDDEN,Invalid URL 'HIDDEN': No scheme supplied. Perhaps you meant http://HIDDEN?,2023-06-15 01:57:16,
https://t.me/uniannet/53655,200,2023-06-15 01:57:16,0.0633687973022461
https://www.facebook.com/don.gp.gov.ua/posts/368969508603068,200,2023-06-15 01:57:16,0.7411236763000488
https://twitter.com/MarQs__/status/1523937978074210304,200,2023-06-15 01:57:17,0.6280055046081543
https://twitter.com/DGisSERIOUS/status/1524336774394302465,200,2023-06-15 01:57:18,0.6184163093566895
https://t.me/RVvoenkor/11811,200,2023-06-15 01:57:18,0.07665276527404785
https://twitter.com/andreyboss77/status/1524987251016474624,200,2023-06-15 01:57:18,0.6139342784881592
https://twitter.com/TheLeadCNN/status/1524525506288398336,200,2023-06-15 01:57:19,0.6249711513519287
https://twitter.com/TpyxaNews/status/1523960728797032448,200,2023-06-15 01:57:20,0.6069822311401367
https://twitter.com/andreyboss77/status/1525347870882275328,200,2023-06-15 01:57:20,0.6063756942749023
https://t.me/mariupolnow/10215,200,2023-06-15 01:57:21,0.07425689697265625
https://twitter.com/PelmeniPusha/status/1525101964538830855,200,2023-06-15 01:57:21,0.6484072208404541
https://twitter.com/TpyxaNews/status/1525001825858072576,200,2023-06-15 01:57:22,0.6019856929779053
https://twitter.com/andreyboss77/status/1525546531394404355,200,2023-06-15 01:57:22,0.7285535335540771
https://twitter.com/ua_zinkoviy/status/1525427744523395072,200,2023-06-15 01:57:23,0.6270077228546143
https://t.me/romanov_92/14612,200,2023-06-15 01:57:24,0.07108211517333984
HIDDEN,Invalid URL 'HIDDEN': No scheme supplied. Perhaps you meant http://HIDDEN?,2023-06-15 01:57:24,
https://twitter.com/Osinttechnical/status/1525315281404542977,200,2023-06-15 01:57:24,0.7120261192321777
https://twitter.com/zolotoybaton/status/1525733176433319937,200,2023-06-15 01:57:24,0.7342383861541748
https://twitter.com/GirkinGirkin/status/1525815786924920835?s=20&t=KkifhdlnxOP08rz56S-c2g,200,2023-06-15 01:57:25,0.6086947917938232
https://t.me/suspilnemykolaiv/9852,200,2023-06-15 01:57:26,0.07681560516357422
https://t.me/suspilnemykolaiv/9824,200,2023-06-15 01:57:26,0.06493520736694336
https://t.me/hueviykharkov/60360,200,2023-06-15 01:57:26,0.07930135726928711
https://t.me/suspilnenews/11030,200,2023-06-15 01:57:26,0.11116313934326172
https://twitter.com/MrOlmos/status/1526623331528626176,200,2023-06-15 01:57:26,0.5633714199066162
https://t.me/truexanewsua/47271,200,2023-06-15 01:57:27,0.08277726173400879
https://twitter.com/andreyboss77/status/1526467390082629632,200,2023-06-15 01:57:27,0.5920882225036621
https://twitter.com/Islamicfront1/status/1526474864764370944,200,2023-06-15 01:57:27,0.5481681823730469
https://twitter.com/bamr69/status/1526817615775244290,200,2023-06-15 01:57:28,0.5365779399871826
https://twitter.com/andreyboss77/status/1526252579784638466,200,2023-06-15 01:57:28,0.5985314846038818
https://www.youtube.com/watch?v=xiZ6X1OSQW8,200,2023-06-15 01:57:29,0.14335227012634277
HIDDEN,Invalid URL 'HIDDEN': No scheme supplied. Perhaps you meant http://HIDDEN?,2023-06-15 01:57:29,
https://t.me/uniannet/55820,200,2023-06-15 01:57:29,0.07889795303344727
https://t.me/truexanewsua/47601,200,2023-06-15 01:57:29,0.07919907569885254
https://t.me/uniannet/56085,200,2023-06-15 01:57:29,0.08125591278076172
https://twitter.com/GirkinGirkin/status/1528028435637055490,200,2023-06-15 01:57:29,0.5436408519744873
https://twitter.com/herooftheday10/status/1528323932327231490,200,2023-06-15 01:57:30,0.5795755386352539
https://twitter.com/hu_svetlodarsk/status/1528762531493605376,200,2023-06-15 01:57:31,0.6251428127288818
https://t.me/dumskaya_net/37695,200,2023-06-15 01:57:31,0.05803513526916504
https://twitter.com/NLwartracker/status/1529294049240395776,200,2023-06-15 01:57:31,0.5679140090942383
https://twitter.com/TpyxaNews/status/1529848985409691649,200,2023-06-15 01:57:32,0.5962769985198975
https://twitter.com/Lyla_lilas/status/1529920924866203654,200,2023-06-15 01:57:32,0.6082611083984375
https://t.me/hueviykharkov/61988,200,2023-06-15 01:57:33,0.07381200790405273
https://t.me/c/1347456995/48385,200,2023-06-15 01:57:33,0.057250261306762695
https://t.me/truexanewsua/48674,200,2023-06-15 01:57:33,0.05719423294067383
https://t.me/c/1379461702/31949,200,2023-06-15 01:57:33,0.049482107162475586
https://www.facebook.com/Alexandr.kovryga/posts/3228391144094876?__cft__[0]=AZXN8Ha-Ihqr5tZfSO4PDhlr7MF2vIecjk2hjOiYLFbX14XMeWQbxMmPx6tPNGO12kX-QFU7m4rJ9XsgGZPcvrlumJLAJBo9bQg2RXCTI8ScHfjEZ4CgSeZkv6jIbZ5r6-Y&__tn__=%2CO%2CP-R,200,2023-06-15 01:57:33,0.7164950370788574
https://www.reddit.com/r/CombatFootage/comments/v20uok/moments_before_and_after_russian_artillery/,200,2023-06-15 01:57:34,0.3086984157562256
https://t.me/truexanewsua/48974,200,2023-06-15 01:57:34,0.08820414543151855
https://t.me/dsns_telegram/7180,200,2023-06-15 01:57:34,0.08153605461120605
https://t.me/novostiniko/18964,200,2023-06-15 01:57:34,0.07797718048095703
https://t.me/suspilnemykolaiv/10703,200,2023-06-15 01:57:35,0.05847001075744629
HIDDEN,Invalid URL 'HIDDEN': No scheme supplied. Perhaps you meant http://HIDDEN?,2023-06-15 01:57:35,
https://twitter.com/nexta_tv/status/1532200368213483521,200,2023-06-15 01:57:35,0.5494492053985596
https://www.facebook.com/DSNSDon/posts/5173986312687397,200,2023-06-15 01:57:35,0.7611210346221924
https://t.me/Novosti_Donbass24/15377,200,2023-06-15 01:57:36,0.07182574272155762
HIDDEN,Invalid URL 'HIDDEN': No scheme supplied. Perhaps you meant http://HIDDEN?,2023-06-15 01:57:36,
https://twitter.com/hochu_dodomu/status/1532912476123168769,200,2023-06-15 01:57:36,0.5977256298065186
https://twitter.com/z_swiata/status/1533077290011303940,200,2023-06-15 01:57:37,0.6100265979766846
https://twitter.com/falconer_alexis/status/1537431929368084483,200,2023-06-15 01:57:37,0.6118195056915283
https://t.me/truexanewsua/49628,200,2023-06-15 01:57:38,0.07244205474853516
https://t.me/truexanewsua/49740,200,2023-06-15 01:57:38,0.06815361976623535
https://twitter.com/TXlrgA0vCNNaf1G/status/1534077486987890688,200,2023-06-15 01:57:38,0.5850193500518799
https://t.me/tpnik/7617,200,2023-06-15 01:57:39,0.10280632972717285
https://t.me/uniannet/79112,200,2023-06-15 01:57:39,0.1023557186126709
https://t.me/c/1687475640/4162,200,2023-06-15 01:57:39,0.0711205005645752
https://twitter.com/GirkinGirkin/status/1534106360383787008,200,2023-06-15 01:57:39,0.7261354923248291
HIDDEN,Invalid URL 'HIDDEN': No scheme supplied. Perhaps you meant http://HIDDEN?,2023-06-15 01:57:40,
https://twitter.com/ukraine_world/status/1534452093817348097,200,2023-06-15 01:57:40,0.6159284114837646
https://twitter.com/spook_info/status/1534513477678661633,200,2023-06-15 01:57:40,0.6172733306884766
https://twitter.com/Karla50784956/status/1534082147446816768,200,2023-06-15 01:57:41,0.5889647006988525
https://twitter.com/KremlinTrolls/status/1534465352754667525,200,2023-06-15 01:57:41,0.741527795791626
https://t.me/truexanewsua/49949,200,2023-06-15 01:57:42,0.07506823539733887
https://t.me/truexanewsua/50033,200,2023-06-15 01:57:42,0.058251380920410156
https://twitter.com/GirkinGirkin/status/1535297836090269700,200,2023-06-15 01:57:42,0.5708107948303223
https://t.me/mariupolnow/13259,200,2023-06-15 01:57:43,0.06244301795959473
HIDDEN,Invalid URL 'HIDDEN': No scheme supplied. Perhaps you meant http://HIDDEN?,2023-06-15 01:57:43,
https://twitter.com/KremlinTrolls/status/1535886776312684544,200,2023-06-15 01:57:43,0.5522449016571045
https://t.me/truexanewsua/50342,200,2023-06-15 01:57:43,0.07787156105041504
https://twitter.com/krasniyliman/status/1536976299541123074,200,2023-06-15 01:57:44,0.7192213535308838
https://twitter.com/Osinttechnical/status/1538392644539322368,200,2023-06-15 01:57:44,0.7158486843109131
https://t.me/chatugledar/63591,200,2023-06-15 01:57:45,0.055956363677978516
https://t.me/RtrDonetsk/6911,200,2023-06-15 01:57:45,0.06866812705993652
https://twitter.com/Cosmonaut19/status/1538943878749102080,200,2023-06-15 01:57:45,0.6103012561798096
https://twitter.com/Flash43191300/status/1538805406415343616,200,2023-06-15 01:57:46,0.5152437686920166
https://www.facebook.com/pavlokyrylenko.donoda/posts/572042937811598,200,2023-06-15 01:57:46,1.7976012229919434
https://twitter.com/b_judah/status/1539259909044412416,200,2023-06-15 01:57:48,0.7614269256591797
https://t.me/truexanewsua/51598,200,2023-06-15 01:57:49,0.11541032791137695
https://t.me/hueviykharkov/65931,200,2023-06-15 01:57:49,0.1036677360534668
https://t.me/suspilnemykolaiv/11647,200,2023-06-15 01:57:49,0.08899760246276855
https://t.me/suspilnemykolaiv/11630,200,2023-06-15 01:57:49,0.06769561767578125
https://t.me/milinfolive/85566,200,2023-06-15 01:57:49,0.05660200119018555
https://t.me/hueviykharkov/67154,200,2023-06-15 01:57:49,0.05353498458862305
https://twitter.com/wammezz/status/1539920457570390016?s=20&t=VMXLiZWORpSYROcH35hh2Q,200,2023-06-15 01:57:49,0.6169233322143555
https://www.facebook.com/mykprok/posts/pfbid0FjRn7RwuirAjQD4BEkCAAKiyPK7kwm5U1JVeepzQ21miwNMYU3RAtoMrbzWFDfK9l,200,2023-06-15 01:57:50,0.7848856449127197
https://t.me/suspilnemykolaiv/11658,200,2023-06-15 01:57:51,0.08268165588378906
https://t.me/suspilnemykolaiv/11713,200,2023-06-15 01:57:51,0.059203147888183594
https://www.facebook.com/photo/?fbid=574887477527144&set=pcb.574887700860455,200,2023-06-15 01:57:51,0.17969179153442383
https://t.me/mariupolrada/10036,200,2023-06-15 01:57:51,0.06038856506347656
https://t.me/rivne_1283/5714,200,2023-06-15 01:57:51,0.07261824607849121
https://t.me/c/1742924192/9792,200,2023-06-15 01:57:51,0.05335712432861328
https://twitter.com/TWMCLtd/status/1540838066503520256,200,2023-06-15 01:57:51,0.5119297504425049
HIDDEN,Invalid URL 'HIDDEN': No scheme supplied. Perhaps you meant http://HIDDEN?,2023-06-15 01:57:52,
https://twitter.com/DefMon3/status/1541029819458244609,200,2023-06-15 01:57:52,0.6016066074371338
https://t.me/u_now/54966,200,2023-06-15 01:57:52,0.08613061904907227
https://twitter.com/dilnyarahman/status/1541308667097763840,200,2023-06-15 01:57:52,0.5267925262451172
https://t.me/yaa_s_Donbassaa/5744,200,2023-06-15 01:57:53,0.059079885482788086
https://t.me/yaa_s_Donbassaa/5804,200,2023-06-15 01:57:53,0.05665779113769531
https://twitter.com/AlexKhrebet/status/1541422779551125504,200,2023-06-15 01:57:53,0.5975017547607422
https://t.me/hueviykharkov/66838,200,2023-06-15 01:57:54,0.053804874420166016
https://t.me/truexanewsua/52245,200,2023-06-15 01:57:54,0.06504249572753906
HIDDEN,Invalid URL 'HIDDEN': No scheme supplied. Perhaps you meant http://HIDDEN?,2023-06-15 01:57:54,
https://t.me/truexanewsua/52307,200,2023-06-15 01:57:54,0.059900522232055664
https://twitter.com/lyolya_ua/status/1541677606453510144,200,2023-06-15 01:57:54,0.5219211578369141
https://t.me/yaa_s_Donbassaa/5837,200,2023-06-15 01:57:54,0.06070828437805176
https://t.me/truexanewsua/52381,200,2023-06-15 01:57:54,0.05970883369445801
https://t.me/yaa_s_Donbassaa/5939,200,2023-06-15 01:57:55,0.0690770149230957
https://t.me/hueviykharkov/67200,200,2023-06-15 01:57:55,0.05818796157836914
https://t.me/hueviykharkov/67170,200,2023-06-15 01:57:55,0.05976247787475586
https://t.me/c/1742924192/10508,200,2023-06-15 01:57:55,0.04829716682434082
https://t.me/c/1687475640/6122,200,2023-06-15 01:57:55,0.04983925819396973
https://twitter.com/nexta_tv/status/1543710944236380162?s=20&t=ylaOrCX4fBFjRVbYJq4zTA,200,2023-06-15 01:57:55,0.7310736179351807
https://twitter.com/IntelCrab/status/1543986262431993858?s=20&t=47IqHw8gtnC2BWo4MXUDpA,200,2023-06-15 01:57:56,0.6002743244171143
https://t.me/c/1687475640/6447?single,200,2023-06-15 01:57:56,0.07474398612976074
HIDDEN,Invalid URL 'HIDDEN': No scheme supplied. Perhaps you meant http://HIDDEN?,2023-06-15 01:57:56,
https://t.me/c/1687475640/6633,200,2023-06-15 01:57:56,0.04518604278564453
https://t.me/c/1687475640/6666,200,2023-06-15 01:57:56,0.055570125579833984
https://twitter.com/maria_avdv/status/1545774346769145858,200,2023-06-15 01:57:56,0.5365133285522461
https://twitter.com/zav_raya/status/1546446762117939202,200,2023-06-15 01:57:57,0.6218750476837158
https://twitter.com/loogunda/status/1546087798368788481,200,2023-06-15 01:57:57,0.5907092094421387
https://twitter.com/maria_avdv/status/1546102252250824705,200,2023-06-15 01:57:58,0.541705846786499
https://t.me/itsdonetsk/21169,200,2023-06-15 01:57:59,0.07387018203735352
https://t.me/novostiniko/21736,200,2023-06-15 01:57:59,0.07594585418701172
https://twitter.com/maria_avdv/status/1546482046914248704?s=20&t=oJwhO-oVzf_TxYu2wttAVA,200,2023-06-15 01:57:59,0.5296533107757568
https://t.me/c/1687475640/7033,200,2023-06-15 01:57:59,0.05072975158691406
https://t.me/c/1742924192/11598,200,2023-06-15 01:57:59,0.059241533279418945
https://t.me/c/1687475640/7110,200,2023-06-15 01:57:59,0.05692934989929199
https://t.me/c/1742924192/11712,200,2023-06-15 01:57:59,0.058500051498413086
https://t.me/itsdonetsk/21428,200,2023-06-15 01:58:00,0.06922149658203125
HIDDEN,Invalid URL 'HIDDEN': No scheme supplied. Perhaps you meant http://HIDDEN?,2023-06-15 01:58:00,
https://twitter.com/Cosmonaut19/status/1547269654992736256,200,2023-06-15 01:58:00,0.7257001399993896
https://twitter.com/DefenceU/status/1547511988288475137,200,2023-06-15 01:58:00,0.5298881530761719
https://www.facebook.com/DSNSMYKOL/posts/pfbid02sVZJV6XPESks9rf4JFmtwYiy2ro514WC7mDdqS4m559zYLGGYiV4bGq1Jxk29JGzl,200,2023-06-15 01:58:01,1.1899206638336182
https://t.me/truexanewsua/53910,200,2023-06-15 01:58:02,0.07548832893371582
https://t.me/c/1687475640/7194,200,2023-06-15 01:58:02,0.056551218032836914
https://t.me/novostiniko/22044,200,2023-06-15 01:58:02,0.08376789093017578
https://twitter.com/Cosmonaut19/status/1549438953576865793,200,2023-06-15 01:58:02,0.5685577392578125
https://twitter.com/GirkinGirkin/status/1548024777826193411,200,2023-06-15 01:58:03,0.5702686309814453
https://twitter.com/o_smishko/status/1548030459010957313,200,2023-06-15 01:58:03,0.5929646492004395
https://www.facebook.com/MNS.GOV.UA/posts/pfbid0NH4BECEdm9Hjvo9U6jYMB7jR2LE6CYVeKn2ghFZzJkKyYmznWbNJxaoN3JXczoMol,200,2023-06-15 01:58:04,1.7227752208709717
https://twitter.com/SESU_UA/status/1548952963783299073?s=20&t=Le9gg-YV_suUs2H_jbsZ7Q,200,2023-06-15 01:58:06,0.5614070892333984
https://twitter.com/TpyxaNews/status/1548943158238666752,200,2023-06-15 01:58:06,0.5985465049743652
https://t.me/truexanewsua/54531,200,2023-06-15 01:58:07,0.07430744171142578
https://t.me/truexanewsua/54644,200,2023-06-15 01:58:07,0.07697582244873047
https://t.me/truexanewsua/54740,200,2023-06-15 01:58:07,0.05548238754272461
https://t.me/nexta_live/33167,200,2023-06-15 01:58:07,0.07702016830444336
https://t.me/truexanewsua/54751,200,2023-06-15 01:58:07,0.0813896656036377
https://t.me/truexanewsua/54839,200,2023-06-15 01:58:07,0.07450056076049805
https://t.me/nexta_live/33198,200,2023-06-15 01:58:07,0.07406044006347656
https://t.me/hueviykharkov/70507,200,2023-06-15 01:58:07,0.07165241241455078
https://t.me/uniannet/65224,200,2023-06-15 01:58:08,0.07075881958007812
https://twitter.com/Reevellp/status/1550767216567648257?s=20&t=NysXxpK6diK_ZbHN4iNbOQ,200,2023-06-15 01:58:08,0.6453173160552979
https://twitter.com/AricToler/status/1550936296926969856?s=20&t=UK-4XrSBgp1gBHV2vMwkXA,200,2023-06-15 01:58:08,0.5972816944122314
https://twitter.com/GirkinGirkin/status/1551121024510558210,200,2023-06-15 01:58:09,0.6103930473327637
https://t.me/itsdonetsk/23039,200,2023-06-15 01:58:09,0.09642887115478516
https://t.me/milchronicles/931,200,2023-06-15 01:58:10,0.07311654090881348
https://t.me/rivne_1283/6712,200,2023-06-15 01:58:10,0.07288098335266113
https://t.me/mig41/19463,200,2023-06-15 01:58:10,0.04858803749084473
https://twitter.com/GirkinGirkin/status/1552180574579826689,200,2023-06-15 01:58:10,0.6599714756011963
https://t.me/novostiniko/23127,200,2023-06-15 01:58:10,0.07612776756286621
https://t.me/novostiniko/23117?single,200,2023-06-15 01:58:10,0.06246542930603027
https://t.me/truexanewsua/55485,200,2023-06-15 01:58:11,0.09199023246765137
https://t.me/truexanewsua/55475,200,2023-06-15 01:58:11,0.07311463356018066
https://t.me/uniannet/66126,200,2023-06-15 01:58:11,0.05743265151977539
https://t.me/RtrDonetsk/8005,200,2023-06-15 01:58:11,0.0601344108581543
https://t.me/hueviykharkov/71615,200,2023-06-15 01:58:11,0.0710439682006836
https://t.me/c/1687475640/8187,200,2023-06-15 01:58:11,0.07682466506958008
https://t.me/huyovy_kharkiv/71632,200,2023-06-15 01:58:11,0.06436467170715332
https://t.me/slv_vca/3004,200,2023-06-15 01:58:11,0.07314610481262207
HIDDEN,Invalid URL 'HIDDEN': No scheme supplied. Perhaps you meant http://HIDDEN?,2023-06-15 01:58:11,
https://twitter.com/leonidragozin/status/1553691122563694595?s=20&t=f-7qVL-2c_-fjMj2coGaUg,200,2023-06-15 01:58:11,0.592684268951416
https://twitter.com/yatamodin/status/1554071427216809988,200,2023-06-15 01:58:12,0.5201644897460938
https://t.me/suspilnekherson/14736?single,200,2023-06-15 01:58:12,0.054060935974121094
https://t.me/u_now/61221,200,2023-06-15 01:58:12,0.0603182315826416
https://t.me/itsdonetsk/24302,200,2023-06-15 01:58:12,0.06455421447753906
HIDDEN,Invalid URL 'HIDDEN': No scheme supplied. Perhaps you meant http://HIDDEN?,2023-06-15 01:58:12,
https://t.me/itsdonetsk/24324,200,2023-06-15 01:58:12,0.07575535774230957
https://t.me/itsdonetsk/24344,200,2023-06-15 01:58:12,0.05890202522277832
https://t.me/novostiniko/23784?single,200,2023-06-15 01:58:13,0.07125735282897949
https://t.me/truexanewsua/56185,200,2023-06-15 01:58:13,0.0759890079498291
https://twitter.com/GlasnostGone/status/1554729295087636486?s=20&t=znIE5NbYOvxA9cK01FyxSA,200,2023-06-15 01:58:13,0.5228807926177979
https://twitter.com/GicAriana/status/1554703514324140032?s=20&t=u9zPGurkKXfW_HBA_FxxmQ,200,2023-06-15 01:58:13,0.6386213302612305
https://www.facebook.com/pavlokyrylenko.donoda/posts/pfbid037Ftr6iGXSiknoeaETfpSKDmwdpr8LPsoYKppNTLr15c7D6ex5XE6cUnCQMd4BD6Rl,200,2023-06-15 01:58:14,0.920097827911377
https://t.me/hueviykharkov/72517,200,2023-06-15 01:58:15,0.06425666809082031
https://t.me/truexanewsua/56108,200,2023-06-15 01:58:15,0.07265543937683105
https://t.me/nexta_live/34064,200,2023-06-15 01:58:15,0.08371567726135254
https://t.me/nexta_live/34057,200,2023-06-15 01:58:15,0.08170843124389648
HIDDEN,Invalid URL 'HIDDEN': No scheme supplied. Perhaps you meant http://HIDDEN?,2023-06-15 01:58:15,
https://t.me/c/1006836030/52825,200,2023-06-15 01:58:15,0.055803775787353516
https://t.me/c/1006836030/52826,200,2023-06-15 01:58:15,0.055252790451049805
HIDDEN,Invalid URL 'HIDDEN': No scheme supplied. Perhaps you meant http://HIDDEN?,2023-06-15 01:58:15,
https://t.me/c/1006836030/52924,200,2023-06-15 01:58:15,0.059988975524902344
HIDDEN,Invalid URL 'HIDDEN': No scheme supplied. Perhaps you meant http://HIDDEN?,2023-06-15 01:58:15,
HIDDEN,Invalid URL 'HIDDEN': No scheme supplied. Perhaps you meant http://HIDDEN?,2023-06-15 01:58:15,
https://t.me/h_saltovka/54872,200,2023-06-15 01:58:15,0.07156515121459961
https://twitter.com/KyleJGlen/status/1555510355123740672?s=20&t=OjT6XDOS5_GWoRXzujWTBw,200,2023-06-15 01:58:15,0.5297756195068359
https://t.me/zvezdanews/88346,200,2023-06-15 01:58:16,0.08258223533630371
https://t.me/uniannet/67533,200,2023-06-15 01:58:16,0.06620383262634277
https://t.me/c/1742924192/14426,200,2023-06-15 01:58:16,0.0543515682220459
https://t.me/itsdonetsk/25425?single,200,2023-06-15 01:58:16,0.07532477378845215
https://t.me/uniannet/67660,200,2023-06-15 01:58:16,0.07455849647521973
https://twitter.com/200_zoka/status/1557472654063554561,200,2023-06-15 01:58:16,0.5662310123443604
https://t.me/truexanewsua/56827,200,2023-06-15 01:58:17,0.07667756080627441
https://t.me/uniannet/67781,200,2023-06-15 01:58:17,0.058675527572631836
https://t.me/hueviykharkov/73726,200,2023-06-15 01:58:17,0.05497574806213379
https://t.me/zvezdanews/88853,200,2023-06-15 01:58:17,0.06181693077087402
https://t.me/nexta_live/34503,200,2023-06-15 01:58:17,0.06356072425842285
https://t.me/insiderUKR/38751,200,2023-06-15 01:58:17,0.06398701667785645
https://twitter.com/deunachrichten/status/1559171933736173568?s=21&t=vbPHxNGjOJ5-_XJxMCSLuw,200,2023-06-15 01:58:17,0.6571388244628906
https://twitter.com/TWMCLtd/status/1558807035889721346,200,2023-06-15 01:58:18,0.5966589450836182
https://t.me/milinfolive/88700,200,2023-06-15 01:58:18,0.09712982177734375
https://twitter.com/Liveuamap/status/1516874165617364992,200,2023-06-15 01:58:19,0.6194298267364502
https://t.me/truexanewsua/57341,200,2023-06-15 01:58:19,0.06703686714172363
https://t.me/truexanewsua/57300,200,2023-06-15 01:58:19,0.06721067428588867
https://t.me/kulemzin_donetsk/7263,200,2023-06-15 01:58:19,0.06113386154174805
https://t.me/suspilnemykolaiv/14017,200,2023-06-15 01:58:19,0.07481789588928223
https://twitter.com/ChristopherJM/status/1560198822269263872?s=20&t=nNLnZNz8kXLGMZA2ggfRug,200,2023-06-15 01:58:19,0.7225544452667236
https://t.me/hueviykharkov/75039,200,2023-06-15 01:58:20,0.0714728832244873
https://twitter.com/Donbasslife1/status/1561804719139557377?s=20&t=icpLuUV92LrXvPemotTxqA,200,2023-06-15 01:58:20,0.5656945705413818
https://twitter.com/alex_bezfam/status/1562013875352092673,200,2023-06-15 01:58:21,0.5403177738189697
https://t.me/UA_struggle/1924,200,2023-06-15 01:58:21,0.08606815338134766
https://t.me/itsdonetsk/27372,200,2023-06-15 01:58:21,0.06139087677001953
https://t.me/mariupol/9391,200,2023-06-15 01:58:22,0.07360029220581055
https://t.me/a_shtirlitz/20545,200,2023-06-15 01:58:22,0.08941173553466797
https://t.me/uniannet/69779,200,2023-06-15 01:58:22,0.08966898918151855
https://t.me/vekha/47163,200,2023-06-15 01:58:22,0.09266090393066406
https://t.me/vekha/47204,200,2023-06-15 01:58:22,0.08003902435302734
https://t.me/vekha/47205,200,2023-06-15 01:58:22,0.07452225685119629
https://t.me/vekha/47187,200,2023-06-15 01:58:22,0.09662723541259766
https://t.me/bolshiepushki/2240,200,2023-06-15 01:58:22,0.07583308219909668
https://t.me/c/1172830166/41915,200,2023-06-15 01:58:22,0.05647444725036621
https://t.me/UA_struggle/1952,200,2023-06-15 01:58:22,0.06657695770263672
https://t.me/vekha/47290,200,2023-06-15 01:58:22,0.0791327953338623
https://t.me/vekha/47283,200,2023-06-15 01:58:22,0.0884561538696289
https://t.me/nexta_live/35552,200,2023-06-15 01:58:23,0.07622408866882324
HIDDEN,Invalid URL 'HIDDEN': No scheme supplied. Perhaps you meant http://HIDDEN?,2023-06-15 01:58:23,
https://t.me/hueviykharkov/77028,200,2023-06-15 01:58:23,0.06048703193664551
https://t.me/prokuratura_kharkiv/5690,200,2023-06-15 01:58:23,0.09063220024108887
https://t.me/hyevuy_dnepr/35284,200,2023-06-15 01:58:23,0.07773828506469727
https://t.me/hueviykharkov/77513,200,2023-06-15 01:58:23,0.07411313056945801
https://t.me/senkevichonline/2369,200,2023-06-15 01:58:23,0.06154584884643555
https://t.me/trkmart/12506,200,2023-06-15 01:58:23,0.09809422492980957
https://twitter.com/irmachep/status/1567055720738086912,200,2023-06-15 01:58:23,0.6188297271728516
HIDDEN,Invalid URL 'HIDDEN': No scheme supplied. Perhaps you meant http://HIDDEN?,2023-06-15 01:58:24,
https://t.me/c/1180412334/19131,200,2023-06-15 01:58:24,0.06704497337341309
https://t.me/itsdonetsk/29454,200,2023-06-15 01:58:24,0.07230806350708008
https://t.me/c/1180412334/19140,200,2023-06-15 01:58:24,0.07021045684814453
https://twitter.com/GeoConfirmed/status/1574371261156925441,200,2023-06-15 01:58:24,0.6207232475280762
https://t.me/hyevuy_dnepr/35889,200,2023-06-15 01:58:25,0.11365079879760742
https://t.me/c/1759230769/7404,200,2023-06-15 01:58:25,0.06811666488647461
https://t.me/voynareal/34363,200,2023-06-15 01:58:25,0.06990647315979004
https://twitter.com/TpyxaNews/status/1569343550374187008,200,2023-06-15 01:58:25,0.747312068939209
https://t.me/FastFocus/31473,200,2023-06-15 01:58:26,0.09041047096252441
https://twitter.com/yrmm240/status/1569389849068670976?s=20&t=wNskDPiY6Nr4il34K8_j4g,200,2023-06-15 01:58:26,0.6195895671844482
https://t.me/nexta_live/36443,200,2023-06-15 01:58:26,0.07134103775024414
https://twitter.com/Nadin0127realti/status/1570110666048180224,200,2023-06-15 01:58:26,0.5362565517425537
https://t.me/hueviykharkov/79415,200,2023-06-15 01:58:27,0.067657470703125
https://twitter.com/JohnB_Schneider/status/1570062788055412738,200,2023-06-15 01:58:27,0.5559132099151611
HIDDEN,Invalid URL 'HIDDEN': No scheme supplied. Perhaps you meant http://HIDDEN?,2023-06-15 01:58:27,
https://twitter.com/KyleJGlen/status/1570698552011288578,200,2023-06-15 01:58:27,0.6124615669250488
https://twitter.com/christogrozev/status/1570701478721093633,200,2023-06-15 01:58:28,0.6136243343353271
https://t.me/bahmutnews/12345,200,2023-06-15 01:58:29,0.08182501792907715
https://twitter.com/Osinttechnical/status/1571744180300353543,200,2023-06-15 01:58:29,0.7186379432678223
https://twitter.com/DefenceU/status/1571769706381467648?s=20&t=c-OIUI6rqeTGro1Sh5Vgvg,200,2023-06-15 01:58:30,0.6342315673828125
HIDDEN,Invalid URL 'HIDDEN': No scheme supplied. Perhaps you meant http://HIDDEN?,2023-06-15 01:58:30,
https://t.me/hueviykharkov/80097,200,2023-06-15 01:58:30,0.05424141883850098
https://t.me/vekha/48929,200,2023-06-15 01:58:30,0.06723499298095703
https://twitter.com/grishchukroma/status/1572084236324327424,200,2023-06-15 01:58:30,0.5709917545318604
https://twitter.com/OlenaHalushka/status/1572532935131279364?s=20&t=UC1Afjf-vr_cIo3tNtivdA,200,2023-06-15 01:58:31,0.7236130237579346
https://t.me/truexanewsua/60937,200,2023-06-15 01:58:32,0.08041191101074219
https://twitter.com/Militarylandnet/status/1573294826178871297,200,2023-06-15 01:58:32,0.6238076686859131
HIDDEN,Invalid URL 'HIDDEN': No scheme supplied. Perhaps you meant http://HIDDEN?,2023-06-15 01:58:32,
https://twitter.com/GirkinGirkin/status/1573927393701629952?s=20&t=cvrOAektRjGdrXMnT7ODqg,200,2023-06-15 01:58:32,0.6038994789123535
https://t.me/voynareal/36050,200,2023-06-15 01:58:33,0.07581710815429688
https://t.me/hueviykharkov/81332,200,2023-06-15 01:58:33,0.054266929626464844
https://twitter.com/hochu_dodomu/status/1574434169471606785,200,2023-06-15 01:58:33,0.576751708984375
https://t.me/truexanewsua/61231,200,2023-06-15 01:58:34,0.08701348304748535
https://t.me/voynareal/36271,200,2023-06-15 01:58:34,0.06698846817016602
https://t.me/voynareal/36258,200,2023-06-15 01:58:34,0.07044696807861328
https://twitter.com/GeoConfirmed/status/1574875254379388930,200,2023-06-15 01:58:34,0.594620943069458
https://t.me/info_zp/16821,200,2023-06-15 01:58:34,0.08212924003601074
https://t.me/Pravda_Gerashchenko/44412,200,2023-06-15 01:58:35,0.06273007392883301
https://t.me/hueviykharkov/81709,200,2023-06-15 01:58:35,0.05634617805480957
https://t.me/suspilnemykolaiv/15998,200,2023-06-15 01:58:35,0.05728316307067871
https://t.me/uniannet/73964,200,2023-06-15 01:58:35,0.0632486343383789
https://t.me/xc_kharkiv/60259,200,2023-06-15 01:58:35,0.05866241455078125
https://youtu.be/VxvWisjVWwk,200,2023-06-15 01:58:35,0.6090607643127441
https://twitter.com/FedorovMykhailo/status/1575738732044775424,200,2023-06-15 01:58:35,0.5247185230255127
https://t.me/truexanewsua/61648,200,2023-06-15 01:58:36,0.10863709449768066
https://t.me/hyevuy_dnepr/37868,200,2023-06-15 01:58:36,0.07408857345581055
https://t.me/hyevuy_dnepr/37964,200,2023-06-15 01:58:36,0.08487629890441895
https://t.me/truexanewsua/61784,200,2023-06-15 01:58:36,0.08253788948059082
https://twitter.com/GirkinGirkin/status/1576874443518791680,200,2023-06-15 01:58:36,0.5627713203430176
https://t.me/opoveshenie/46793,200,2023-06-15 01:58:37,0.07253146171569824
https://t.me/vekha/50158?single,200,2023-06-15 01:58:37,0.07004141807556152
https://t.me/notes_veterans/5425,200,2023-06-15 01:58:37,0.060152292251586914
https://t.me/Pravda_Gerashchenko/45335,200,2023-06-15 01:58:37,0.07514381408691406
https://t.me/hueviyherson/26962,200,2023-06-15 01:58:37,0.07828450202941895
https://twitter.com/hochu_dodomu/status/1577623177773072384,200,2023-06-15 01:58:37,0.5288619995117188
https://t.me/hueviykharkov/82750,200,2023-06-15 01:58:38,0.07140612602233887
